[{"model": "productionactual.shift", "pk": 1, "fields": {"shift_number": 1, "shift_name": "First"}}, {"model": "productionactual.shift", "pk": 2, "fields": {"shift_number": 2, "shift_name": "Second"}}, {"model": "productionactual.shift", "pk": 3, "fields": {"shift_number": 3, "shift_name": "Third"}}, {"model": "productionactual.shift", "pk": 4, "fields": {"shift_number": 4, "shift_name": "Flex"}}, {"model": "productionactual.department", "pk": 1, "fields": {"department_name": "Sensor"}}, {"model": "productionactual.department", "pk": 2, "fields": {"department_name": "Assembly"}}, {"model": "productionactual.department", "pk": 3, "fields": {"department_name": "Mounting"}}, {"model": "productionactual.department", "pk": 4, "fields": {"department_name": "EWP"}}, {"model": "productionactual.assemblyline", "pk": 1, "fields": {"department": 1, "line_name": "AS2001"}}, {"model": "productionactual.assemblyline", "pk": 2, "fields": {"department": 2, "line_name": "AS1004"}}, {"model": "productionactual.assemblyline", "pk": 3, "fields": {"department": 1, "line_name": "AS2002"}}, {"model": "productionactual.product", "pk": 1, "fields": {"assembly_line": 1, "PartNumber": "482828-10210", "TeamMember": "3", "CycleTime": 10.0, "ToteQuantity": 90}}, {"model": "productionactual.product", "pk": 2, "fields": {"assembly_line": 1, "PartNumber": "482828-10420", "TeamMember": "6", "CycleTime": 5.0, "ToteQuantity": 90}}, {"model": "productionactual.product", "pk": 3, "fields": {"assembly_line": 2, "PartNumber": "374718-10110", "TeamMember": "3", "CycleTime": 65.0, "ToteQuantity": 12}}, {"model": "productionactual.product", "pk": 4, "fields": {"assembly_line": 1, "PartNumber": "482827-10420", "TeamMember": "3", "CycleTime": 10.0, "ToteQuantity": 90}}, {"model": "productionactual.product", "pk": 5, "fields": {"assembly_line": 1, "PartNumber": "482827-10530", "TeamMember": "3", "CycleTime": 10.0, "ToteQuantity": 90}}, {"model": "productionactual.product", "pk": 6, "fields": {"assembly_line": 1, "PartNumber": "482828-10370", "TeamMember": "5", "CycleTime": 5.0, "ToteQuantity": 90}}, {"model": "productionactual.product", "pk": 7, "fields": {"assembly_line": 2, "PartNumber": "374711-10070", "TeamMember": "3", "CycleTime": 14.5, "ToteQuantity": 0}}, {"model": "productionactual.product", "pk": 8, "fields": {"assembly_line": 2, "PartNumber": "374711-10070", "TeamMember": "3", "CycleTime": 14.5, "ToteQuantity": 0}}, {"model": "productionactual.product", "pk": 9, "fields": {"assembly_line": 3, "PartNumber": "482828-10420", "TeamMember": "6", "CycleTime": 4.5, "ToteQuantity": 0}}, {"model": "productionactual.product", "pk": 10, "fields": {"assembly_line": 3, "PartNumber": "482827-10420", "TeamMember": "6", "CycleTime": 4.5, "ToteQuantity": 0}}, {"model": "productionactual.product", "pk": 11, "fields": {"assembly_line": 3, "PartNumber": "482828-10530", "TeamMember": "5", "CycleTime": 4.5, "ToteQuantity": 0}}, {"model": "productionactual.productionactual", "pk": "033ce79a-f6d2-4b2d-bb81-a36cdc2a1d3b", "fields": {"pa_date": "2021-03-15", "assembly_line_number": 2, "shift": 2, "user": 2}}, {"model": "productionactual.productionactual", "pk": "06abf7f5-ff7b-4fcf-8915-ce710316b506", "fields": {"pa_date": "2021-03-20", "assembly_line_number": 1, "shift": 2, "user": 1}}, {"model": "productionactual.productionactual", "pk": "15b8416f-8d1d-430e-982d-818613e4e517", "fields": {"pa_date": "2021-03-02", "assembly_line_number": 2, "shift": 2, "user": 2}}, {"model": "productionactual.productionactual", "pk": "17d9383d-967d-48b0-8f06-08b1a0c0bc98", "fields": {"pa_date": "2021-03-25", "assembly_line_number": 3, "shift": 2, "user": 5}}, {"model": "productionactual.productionactual", "pk": "19b68090-c5a1-434c-a86a-39fb8bcc8ce4", "fields": {"pa_date": "2021-03-03", "assembly_line_number": 1, "shift": 2, "user": 2}}, {"model": "productionactual.productionactual", "pk": "30e73d51-e2d3-4538-95be-f8f1d935b5ee", "fields": {"pa_date": "2021-03-23", "assembly_line_number": 2, "shift": 2, "user": 2}}, {"model": "productionactual.productionactual", "pk": "330926ea-5da2-4258-a4ce-7b480c10310b", "fields": {"pa_date": "2021-03-08", "assembly_line_number": 2, "shift": 2, "user": 2}}, {"model": "productionactual.productionactual", "pk": "5f9e9972-76ed-4669-9663-d9653b1c52b7", "fields": {"pa_date": "2021-03-05", "assembly_line_number": 2, "shift": 2, "user": 2}}, {"model": "productionactual.productionactual", "pk": "615e23c3-0eb4-47d4-93ec-17723cc71182", "fields": {"pa_date": "2021-03-24", "assembly_line_number": 2, "shift": 2, "user": 2}}, {"model": "productionactual.productionactual", "pk": "7d0c0375-d2e6-44a1-9106-836f8878f1b7", "fields": {"pa_date": "2021-03-16", "assembly_line_number": 2, "shift": 2, "user": 2}}, {"model": "productionactual.productionactual", "pk": "87ceb3a6-2622-4488-b17a-1cee11329fe5", "fields": {"pa_date": "2010-03-06", "assembly_line_number": 2, "shift": 2, "user": 2}}, {"model": "productionactual.productionactual", "pk": "96cafc38-061e-4a30-94cc-d4713873b39f", "fields": {"pa_date": "2021-03-07", "assembly_line_number": 2, "shift": 2, "user": 2}}, {"model": "productionactual.productionactual", "pk": "a5d9e653-bdd3-43fb-a2ac-a3f7adefd172", "fields": {"pa_date": "2021-03-15", "assembly_line_number": 2, "shift": 2, "user": 2}}, {"model": "productionactual.productionactual", "pk": "b88acc1c-7ae1-4701-998a-e2263445cc89", "fields": {"pa_date": "2021-03-17", "assembly_line_number": 2, "shift": 2, "user": 2}}, {"model": "productionactual.productionactual", "pk": "df113400-769f-4ffd-9206-158ebd3d803c", "fields": {"pa_date": "2021-03-14", "assembly_line_number": 2, "shift": 2, "user": 2}}, {"model": "productionactual.productionactual", "pk": "f38be596-a660-4fdf-9b69-d47bef1820ab", "fields": {"pa_date": "2021-03-07", "assembly_line_number": 2, "shift": 2, "user": 2}}, {"model": "productionactual.productionactual", "pk": "f8087b41-4250-4592-b1ac-56c51e004760", "fields": {"pa_date": "2021-03-09", "assembly_line_number": 2, "shift": 2, "user": 2}}, {"model": "productionactual.hourly", "pk": "033ce79a-f6d2-4b2d-bb81-a36cdc2a1d3b", "fields": {"hour1": 0, "hour2": 0, "hour3": 0, "hour4": 0, "hour5": 0, "hour6": 0, "hour7": 0, "hour8": 0, "hour9": 0, "hour10": 0, "hour11": 0, "hour12": 0}}, {"model": "productionactual.hourly", "pk": "06abf7f5-ff7b-4fcf-8915-ce710316b506", "fields": {"hour1": 560, "hour2": 0, "hour3": 0, "hour4": 0, "hour5": 0, "hour6": 0, "hour7": 0, "hour8": 0, "hour9": 0, "hour10": 0, "hour11": 0, "hour12": 0}}, {"model": "productionactual.hourly", "pk": "15b8416f-8d1d-430e-982d-818613e4e517", "fields": {"hour1": 0, "hour2": 0, "hour3": 0, "hour4": 0, "hour5": 0, "hour6": 0, "hour7": 0, "hour8": 0, "hour9": 0, "hour10": 0, "hour11": 0, "hour12": 0}}, {"model": "productionactual.hourly", "pk": "17d9383d-967d-48b0-8f06-08b1a0c0bc98", "fields": {"hour1": 0, "hour2": 0, "hour3": 0, "hour4": 0, "hour5": 0, "hour6": 0, "hour7": 0, "hour8": 0, "hour9": 0, "hour10": 0, "hour11": 0, "hour12": 0}}, {"model": "productionactual.hourly", "pk": "19b68090-c5a1-434c-a86a-39fb8bcc8ce4", "fields": {"hour1": 0, "hour2": 0, "hour3": 0, "hour4": 0, "hour5": 0, "hour6": 0, "hour7": 0, "hour8": 0, "hour9": 0, "hour10": 0, "hour11": 0, "hour12": 0}}, {"model": "productionactual.hourly", "pk": "30e73d51-e2d3-4538-95be-f8f1d935b5ee", "fields": {"hour1": 90, "hour2": 90, "hour3": 90, "hour4": 90, "hour5": 90, "hour6": 90, "hour7": 90, "hour8": 90, "hour9": 90, "hour10": 90, "hour11": 0, "hour12": 0}}, {"model": "productionactual.hourly", "pk": "330926ea-5da2-4258-a4ce-7b480c10310b", "fields": {"hour1": 0, "hour2": 0, "hour3": 0, "hour4": 0, "hour5": 0, "hour6": 0, "hour7": 0, "hour8": 0, "hour9": 0, "hour10": 0, "hour11": 0, "hour12": 0}}, {"model": "productionactual.hourly", "pk": "5f9e9972-76ed-4669-9663-d9653b1c52b7", "fields": {"hour1": 0, "hour2": 0, "hour3": 0, "hour4": 0, "hour5": 0, "hour6": 0, "hour7": 0, "hour8": 0, "hour9": 0, "hour10": 0, "hour11": 0, "hour12": 0}}, {"model": "productionactual.hourly", "pk": "615e23c3-0eb4-47d4-93ec-17723cc71182", "fields": {"hour1": 540, "hour2": 654, "hour3": 544, "hour4": 540, "hour5": 456, "hour6": 564, "hour7": 654, "hour8": 500, "hour9": 500, "hour10": 420, "hour11": 0, "hour12": 0}}, {"model": "productionactual.hourly", "pk": "7d0c0375-d2e6-44a1-9106-836f8878f1b7", "fields": {"hour1": 10, "hour2": 10, "hour3": 0, "hour4": 0, "hour5": 0, "hour6": 0, "hour7": 0, "hour8": 0, "hour9": 0, "hour10": 0, "hour11": 0, "hour12": 0}}, {"model": "productionactual.hourly", "pk": "87ceb3a6-2622-4488-b17a-1cee11329fe5", "fields": {"hour1": 0, "hour2": 0, "hour3": 0, "hour4": 0, "hour5": 0, "hour6": 0, "hour7": 0, "hour8": 0, "hour9": 0, "hour10": 0, "hour11": 0, "hour12": 0}}, {"model": "productionactual.hourly", "pk": "96cafc38-061e-4a30-94cc-d4713873b39f", "fields": {"hour1": 0, "hour2": 0, "hour3": 0, "hour4": 0, "hour5": 0, "hour6": 0, "hour7": 0, "hour8": 0, "hour9": 0, "hour10": 0, "hour11": 0, "hour12": 0}}, {"model": "productionactual.hourly", "pk": "a5d9e653-bdd3-43fb-a2ac-a3f7adefd172", "fields": {"hour1": 0, "hour2": 0, "hour3": 0, "hour4": 0, "hour5": 0, "hour6": 0, "hour7": 0, "hour8": 0, "hour9": 0, "hour10": 0, "hour11": 0, "hour12": 0}}, {"model": "productionactual.hourly", "pk": "b88acc1c-7ae1-4701-998a-e2263445cc89", "fields": {"hour1": 0, "hour2": 0, "hour3": 0, "hour4": 0, "hour5": 0, "hour6": 0, "hour7": 0, "hour8": 0, "hour9": 0, "hour10": 0, "hour11": 0, "hour12": 0}}, {"model": "productionactual.hourly", "pk": "df113400-769f-4ffd-9206-158ebd3d803c", "fields": {"hour1": 12, "hour2": 24, "hour3": 0, "hour4": 0, "hour5": 0, "hour6": 0, "hour7": 0, "hour8": 0, "hour9": 0, "hour10": 0, "hour11": 0, "hour12": 0}}, {"model": "productionactual.hourly", "pk": "f38be596-a660-4fdf-9b69-d47bef1820ab", "fields": {"hour1": 6, "hour2": 6, "hour3": 0, "hour4": 0, "hour5": 0, "hour6": 0, "hour7": 0, "hour8": 0, "hour9": 0, "hour10": 0, "hour11": 0, "hour12": 0}}, {"model": "productionactual.hourly", "pk": "f8087b41-4250-4592-b1ac-56c51e004760", "fields": {"hour1": 180, "hour2": 0, "hour3": 0, "hour4": 0, "hour5": 0, "hour6": 0, "hour7": 0, "hour8": 0, "hour9": 0, "hour10": 0, "hour11": 0, "hour12": 0}}, {"model": "productionactual.run", "pk": 65, "fields": {"ProductionActual": "f8087b41-4250-4592-b1ac-56c51e004760", "number": 1, "partal_start": 5, "partal_end": 6, "finished_goods": 1, "kanban_count": 1, "product_number": 3, "start_time": "17:00:00", "finish_time": "11:00:18", "plan_down_time": 0, "net_ope_time": 0, "plan_quanity": 0, "result_quanity": 0, "scrap_quanity": 0, "repair_quanity": 0, "analysis_quanity": 0, "quarantine_quanity": 0, "cabbage_patch_quanity": 0, "unplan_downtime": 0, "standard_time": 0, "oa": 0, "oa_without_downtime": 0}}, {"model": "productionactual.run", "pk": 66, "fields": {"ProductionActual": "f8087b41-4250-4592-b1ac-56c51e004760", "number": 2, "partal_start": 1, "partal_end": 2, "finished_goods": 3, "kanban_count": 3, "product_number": 3, "start_time": "17:23:04", "finish_time": "03:30:00", "plan_down_time": 0, "net_ope_time": 0, "plan_quanity": 0, "result_quanity": 0, "scrap_quanity": 0, "repair_quanity": 0, "analysis_quanity": 0, "quarantine_quanity": 0, "cabbage_patch_quanity": 0, "unplan_downtime": 0, "standard_time": 0, "oa": 0, "oa_without_downtime": 0}}, {"model": "productionactual.run", "pk": 67, "fields": {"ProductionActual": "f8087b41-4250-4592-b1ac-56c51e004760", "number": 4, "partal_start": 0, "partal_end": 0, "finished_goods": 0, "kanban_count": 0, "product_number": 7, "start_time": "17:00:00", "finish_time": "17:45:00", "plan_down_time": 0, "net_ope_time": 0, "plan_quanity": 0, "result_quanity": 0, "scrap_quanity": 0, "repair_quanity": 0, "analysis_quanity": 0, "quarantine_quanity": 0, "cabbage_patch_quanity": 0, "unplan_downtime": 0, "standard_time": 0, "oa": 0, "oa_without_downtime": 0}}, {"model": "productionactual.run", "pk": 68, "fields": {"ProductionActual": "b88acc1c-7ae1-4701-998a-e2263445cc89", "number": 1, "partal_start": 23, "partal_end": 43, "finished_goods": 66, "kanban_count": 66, "product_number": 7, "start_time": "17:00:00", "finish_time": "03:30:00", "plan_down_time": 100, "net_ope_time": 0, "plan_quanity": 0, "result_quanity": 0, "scrap_quanity": 0, "repair_quanity": 0, "analysis_quanity": 0, "quarantine_quanity": 0, "cabbage_patch_quanity": 0, "unplan_downtime": 0, "standard_time": 0, "oa": 0, "oa_without_downtime": 0}}, {"model": "productionactual.run", "pk": 69, "fields": {"ProductionActual": "b88acc1c-7ae1-4701-998a-e2263445cc89", "number": 2, "partal_start": 0, "partal_end": 0, "finished_goods": 0, "kanban_count": 0, "product_number": 8, "start_time": null, "finish_time": null, "plan_down_time": 0, "net_ope_time": 0, "plan_quanity": 0, "result_quanity": 0, "scrap_quanity": 0, "repair_quanity": 0, "analysis_quanity": 0, "quarantine_quanity": 0, "cabbage_patch_quanity": 0, "unplan_downtime": 0, "standard_time": 0, "oa": 0, "oa_without_downtime": 0}}, {"model": "productionactual.run", "pk": 81, "fields": {"ProductionActual": "06abf7f5-ff7b-4fcf-8915-ce710316b506", "number": 1, "partal_start": 3, "partal_end": 3, "finished_goods": 3, "kanban_count": 3, "product_number": 2, "start_time": "17:00:00", "finish_time": "19:00:00", "plan_down_time": 0, "net_ope_time": 0, "plan_quanity": 0, "result_quanity": 0, "scrap_quanity": 0, "repair_quanity": 0, "analysis_quanity": 0, "quarantine_quanity": 0, "cabbage_patch_quanity": 0, "unplan_downtime": 0, "standard_time": 0, "oa": 0, "oa_without_downtime": 0}}, {"model": "productionactual.run", "pk": 82, "fields": {"ProductionActual": "06abf7f5-ff7b-4fcf-8915-ce710316b506", "number": 2, "partal_start": 4, "partal_end": 4, "finished_goods": 4, "kanban_count": 4, "product_number": 6, "start_time": "19:00:00", "finish_time": "22:30:00", "plan_down_time": 0, "net_ope_time": 0, "plan_quanity": 0, "result_quanity": 0, "scrap_quanity": 0, "repair_quanity": 0, "analysis_quanity": 0, "quarantine_quanity": 0, "cabbage_patch_quanity": 0, "unplan_downtime": 0, "standard_time": 0, "oa": 0, "oa_without_downtime": 0}}, {"model": "productionactual.run", "pk": 84, "fields": {"ProductionActual": "06abf7f5-ff7b-4fcf-8915-ce710316b506", "number": 3, "partal_start": 70, "partal_end": 60, "finished_goods": 18, "kanban_count": 18, "product_number": 1, "start_time": "22:30:00", "finish_time": "01:30:00", "plan_down_time": 0, "net_ope_time": 0, "plan_quanity": 0, "result_quanity": 0, "scrap_quanity": 0, "repair_quanity": 0, "analysis_quanity": 0, "quarantine_quanity": 0, "cabbage_patch_quanity": 0, "unplan_downtime": 0, "standard_time": 0, "oa": 0, "oa_without_downtime": 0}}, {"model": "productionactual.run", "pk": 85, "fields": {"ProductionActual": "06abf7f5-ff7b-4fcf-8915-ce710316b506", "number": 4, "partal_start": 0, "partal_end": 0, "finished_goods": 0, "kanban_count": 0, "product_number": 5, "start_time": "01:30:00", "finish_time": "03:30:00", "plan_down_time": 0, "net_ope_time": 0, "plan_quanity": 0, "result_quanity": 0, "scrap_quanity": 0, "repair_quanity": 0, "analysis_quanity": 0, "quarantine_quanity": 0, "cabbage_patch_quanity": 0, "unplan_downtime": 0, "standard_time": 0, "oa": 0, "oa_without_downtime": 0}}, {"model": "productionactual.run", "pk": 86, "fields": {"ProductionActual": "615e23c3-0eb4-47d4-93ec-17723cc71182", "number": 1, "partal_start": 0, "partal_end": 0, "finished_goods": 61, "kanban_count": 61, "product_number": 3, "start_time": "17:00:00", "finish_time": "20:00:00", "plan_down_time": 0, "net_ope_time": 0, "plan_quanity": 0, "result_quanity": 0, "scrap_quanity": 0, "repair_quanity": 0, "analysis_quanity": 0, "quarantine_quanity": 0, "cabbage_patch_quanity": 0, "unplan_downtime": 0, "standard_time": 0, "oa": 0, "oa_without_downtime": 0}}, {"model": "productionactual.run", "pk": 87, "fields": {"ProductionActual": "17d9383d-967d-48b0-8f06-08b1a0c0bc98", "number": 1, "partal_start": 0, "partal_end": 0, "finished_goods": 0, "kanban_count": 0, "product_number": 11, "start_time": "17:00:00", "finish_time": "18:00:00", "plan_down_time": 0, "net_ope_time": 0, "plan_quanity": 0, "result_quanity": 0, "scrap_quanity": 0, "repair_quanity": 0, "analysis_quanity": 0, "quarantine_quanity": 0, "cabbage_patch_quanity": 0, "unplan_downtime": 0, "standard_time": 0, "oa": 0, "oa_without_downtime": 0}}, {"model": "productionactual.run", "pk": 88, "fields": {"ProductionActual": "17d9383d-967d-48b0-8f06-08b1a0c0bc98", "number": 2, "partal_start": 0, "partal_end": 0, "finished_goods": 0, "kanban_count": 0, "product_number": 10, "start_time": "18:00:00", "finish_time": "19:00:00", "plan_down_time": 0, "net_ope_time": 0, "plan_quanity": 0, "result_quanity": 0, "scrap_quanity": 0, "repair_quanity": 0, "analysis_quanity": 0, "quarantine_quanity": 0, "cabbage_patch_quanity": 0, "unplan_downtime": 0, "standard_time": 0, "oa": 0, "oa_without_downtime": 0}}, {"model": "productionactual.run", "pk": 90, "fields": {"ProductionActual": "615e23c3-0eb4-47d4-93ec-17723cc71182", "number": 2, "partal_start": 0, "partal_end": 0, "finished_goods": 0, "kanban_count": 0, "product_number": 8, "start_time": "20:00:00", "finish_time": "03:30:00", "plan_down_time": 0, "net_ope_time": 0, "plan_quanity": 0, "result_quanity": 0, "scrap_quanity": 0, "repair_quanity": 0, "analysis_quanity": 0, "quarantine_quanity": 0, "cabbage_patch_quanity": 0, "unplan_downtime": 0, "standard_time": 0, "oa": 0, "oa_without_downtime": 0}}, {"model": "productionactual.machine", "pk": 1, "fields": {"assembly_line": 1, "machine_name": "FPC soldering", "machine_name_short": "FPS", "machine_name_actual": "EWS0005"}}, {"model": "productionactual.machine", "pk": 2, "fields": {"assembly_line": 1, "machine_name": "Non Machine Related", "machine_name_short": "NMRDT", "machine_name_actual": "NMRDT"}}, {"model": "productionactual.machine", "pk": 3, "fields": {"assembly_line": 2, "machine_name": "Spot Solder", "machine_name_short": "SS", "machine_name_actual": "EMX0003"}}, {"model": "productionactual.defect", "pk": 1, "fields": {"assembly_line": 1, "FourM": "Machine", "Machine": 1, "defect_code": "NG 2331", "defect_description": "No Wet solder from FPC 1"}}, {"model": "productionactual.downtime", "pk": 1, "fields": {"assembly_line": 1, "machine": 1, "fourM": "Machine", "downtime_code": "U5233", "planned": false, "default_recovery_time": 0.33, "downtime_description": "F233 No Wet solder from FPC"}}, {"model": "productionactual.downtime", "pk": 2, "fields": {"assembly_line": 1, "machine": 2, "fourM": "Method", "downtime_code": "P0001", "planned": true, "default_recovery_time": 0.0, "downtime_description": "Break"}}, {"model": "productionactual.downtime", "pk": 3, "fields": {"assembly_line": 1, "machine": 2, "fourM": "Method", "downtime_code": "U0001", "planned": false, "default_recovery_time": 7.0, "downtime_description": "Daily Checks"}}, {"model": "productionactual.downtime", "pk": 4, "fields": {"assembly_line": 1, "machine": 2, "fourM": "Method", "downtime_code": "P0002", "planned": false, "default_recovery_time": 30.0, "downtime_description": "Lunch"}}, {"model": "productionactual.downtime", "pk": 5, "fields": {"assembly_line": 1, "machine": 2, "fourM": "Method", "downtime_code": "U0002", "planned": false, "default_recovery_time": 0.0, "downtime_description": "Shutdown"}}, {"model": "productionactual.downtime", "pk": 6, "fields": {"assembly_line": 1, "machine": 1, "fourM": "Machine", "downtime_code": "U5232", "planned": false, "default_recovery_time": 0.33, "downtime_description": "F232 Solder Ball From FPC"}}, {"model": "productionactual.downtimeinstance", "pk": 1, "fields": {"number": 1, "ProductionActual": "06abf7f5-ff7b-4fcf-8915-ce710316b506", "production_run": 65, "down_time": null, "up_time": null, "downtime": 1, "recovery_time": 0.33, "occurrence_multiplier": 1, "noti_hancho": true, "noti_shokucho": false, "noti_maint": false, "noti_kocho": false}}, {"model": "productionactual.downtimeinstance", "pk": 2, "fields": {"number": 2, "ProductionActual": "06abf7f5-ff7b-4fcf-8915-ce710316b506", "production_run": 66, "down_time": "19:15:00", "up_time": "19:30:00", "downtime": 2, "recovery_time": 15.0, "occurrence_multiplier": 1, "noti_hancho": true, "noti_shokucho": false, "noti_maint": false, "noti_kocho": false}}, {"model": "productionactual.downtimeinstance", "pk": 3, "fields": {"number": 3, "ProductionActual": "06abf7f5-ff7b-4fcf-8915-ce710316b506", "production_run": 84, "down_time": "09:57:16", "up_time": "09:57:17", "downtime": 1, "recovery_time": 0.33, "occurrence_multiplier": 4, "noti_hancho": true, "noti_shokucho": false, "noti_maint": false, "noti_kocho": false}}, {"model": "admin.logentry", "pk": 1, "fields": {"action_time": "2021-02-15T06:50:29.278Z", "user": 1, "content_type": 2, "object_id": "1", "object_repr": "Sensor", "action_flag": 1, "change_message": "[{\"added\": {}}]"}}, {"model": "admin.logentry", "pk": 2, "fields": {"action_time": "2021-02-15T06:50:36.980Z", "user": 1, "content_type": 1, "object_id": "1", "object_repr": "AS2001", "action_flag": 1, "change_message": "[{\"added\": {}}]"}}, {"model": "admin.logentry", "pk": 3, "fields": {"action_time": "2021-02-15T06:51:27.652Z", "user": 1, "content_type": 5, "object_id": "1", "object_repr": "Machine object (1)", "action_flag": 1, "change_message": "[{\"added\": {}}]"}}, {"model": "admin.logentry", "pk": 4, "fields": {"action_time": "2021-02-15T06:59:35.768Z", "user": 1, "content_type": 8, "object_id": "1", "object_repr": "Defect object (1)", "action_flag": 1, "change_message": "[{\"added\": {}}]"}}, {"model": "admin.logentry", "pk": 5, "fields": {"action_time": "2021-02-15T07:02:43.720Z", "user": 1, "content_type": 7, "object_id": "1", "object_repr": "Downtime object (1)", "action_flag": 1, "change_message": "[{\"added\": {}}]"}}, {"model": "admin.logentry", "pk": 6, "fields": {"action_time": "2021-02-15T07:02:54.311Z", "user": 1, "content_type": 7, "object_id": "1", "object_repr": "Downtime object (1)", "action_flag": 2, "change_message": "[{\"changed\": {\"fields\": [\"Downtime description\"]}}]"}}, {"model": "admin.logentry", "pk": 7, "fields": {"action_time": "2021-02-15T07:05:18.026Z", "user": 1, "content_type": 5, "object_id": "2", "object_repr": "NMRDT", "action_flag": 1, "change_message": "[{\"added\": {}}]"}}, {"model": "admin.logentry", "pk": 8, "fields": {"action_time": "2021-02-15T07:05:25.618Z", "user": 1, "content_type": 5, "object_id": "2", "object_repr": "NMRDT", "action_flag": 2, "change_message": "[]"}}, {"model": "admin.logentry", "pk": 9, "fields": {"action_time": "2021-02-15T07:06:03.878Z", "user": 1, "content_type": 7, "object_id": "2", "object_repr": "P0001", "action_flag": 1, "change_message": "[{\"added\": {}}]"}}, {"model": "admin.logentry", "pk": 10, "fields": {"action_time": "2021-02-15T07:06:11.859Z", "user": 1, "content_type": 7, "object_id": "2", "object_repr": "P0001", "action_flag": 2, "change_message": "[]"}}, {"model": "admin.logentry", "pk": 11, "fields": {"action_time": "2021-02-15T07:08:48.562Z", "user": 1, "content_type": 4, "object_id": "1", "object_repr": "Product object (1)", "action_flag": 1, "change_message": "[{\"added\": {}}]"}}, {"model": "admin.logentry", "pk": 12, "fields": {"action_time": "2021-02-15T07:31:35.541Z", "user": 1, "content_type": 9, "object_id": "1", "object_repr": "mason, brian", "action_flag": 1, "change_message": "[{\"added\": {}}]"}}, {"model": "admin.logentry", "pk": 13, "fields": {"action_time": "2021-02-15T07:31:53.959Z", "user": 1, "content_type": 12, "object_id": "1", "object_repr": "testg1", "action_flag": 1, "change_message": "[{\"added\": {}}]"}}, {"model": "admin.logentry", "pk": 14, "fields": {"action_time": "2021-02-15T07:32:01.724Z", "user": 1, "content_type": 12, "object_id": "2", "object_repr": "testg2", "action_flag": 1, "change_message": "[{\"added\": {}}]"}}, {"model": "admin.logentry", "pk": 15, "fields": {"action_time": "2021-02-15T07:32:06.857Z", "user": 1, "content_type": 13, "object_id": "1", "object_repr": "e", "action_flag": 1, "change_message": "[{\"added\": {}}]"}}, {"model": "admin.logentry", "pk": 16, "fields": {"action_time": "2021-02-15T07:32:12.294Z", "user": 1, "content_type": 10, "object_id": "1", "object_repr": "book1", "action_flag": 1, "change_message": "[{\"added\": {}}]"}}, {"model": "admin.logentry", "pk": 17, "fields": {"action_time": "2021-02-15T07:53:17.007Z", "user": 1, "content_type": 4, "object_id": "1", "object_repr": "AS2001  (482828-10210) / 3 Team Members  (10 second)", "action_flag": 2, "change_message": "[{\"changed\": {\"fields\": [\"TeamMember\"]}}]"}}, {"model": "admin.logentry", "pk": 18, "fields": {"action_time": "2021-02-15T07:53:47.473Z", "user": 1, "content_type": 4, "object_id": "2", "object_repr": "AS2001  (482828-10420) / 6 Team Members  (5 second)", "action_flag": 1, "change_message": "[{\"added\": {}}]"}}, {"model": "admin.logentry", "pk": 19, "fields": {"action_time": "2021-02-15T07:57:19.982Z", "user": 1, "content_type": 2, "object_id": "2", "object_repr": "Assembly", "action_flag": 1, "change_message": "[{\"added\": {}}]"}}, {"model": "admin.logentry", "pk": 20, "fields": {"action_time": "2021-02-15T07:57:28.960Z", "user": 1, "content_type": 1, "object_id": "2", "object_repr": "AS1004", "action_flag": 1, "change_message": "[{\"added\": {}}]"}}, {"model": "admin.logentry", "pk": 21, "fields": {"action_time": "2021-02-15T07:57:56.042Z", "user": 1, "content_type": 4, "object_id": "3", "object_repr": "AS1004  (374718-10110) / 3 Team Members  (65 second)", "action_flag": 1, "change_message": "[{\"added\": {}}]"}}, {"model": "admin.logentry", "pk": 22, "fields": {"action_time": "2021-02-15T08:32:47.575Z", "user": 1, "content_type": 20, "object_id": "1", "object_repr": "Shift object (1)", "action_flag": 1, "change_message": "[{\"added\": {}}]"}}, {"model": "admin.logentry", "pk": 23, "fields": {"action_time": "2021-02-15T08:33:03.848Z", "user": 1, "content_type": 20, "object_id": "2", "object_repr": "Shift object (2)", "action_flag": 1, "change_message": "[{\"added\": {}}]"}}, {"model": "admin.logentry", "pk": 24, "fields": {"action_time": "2021-02-15T08:34:18.279Z", "user": 1, "content_type": 20, "object_id": "3", "object_repr": "Third", "action_flag": 1, "change_message": "[{\"added\": {}}]"}}, {"model": "admin.logentry", "pk": 25, "fields": {"action_time": "2021-02-15T08:34:29.832Z", "user": 1, "content_type": 20, "object_id": "4", "object_repr": "Flex", "action_flag": 1, "change_message": "[{\"added\": {}}]"}}, {"model": "admin.logentry", "pk": 26, "fields": {"action_time": "2021-02-15T08:34:52.804Z", "user": 1, "content_type": 3, "object_id": "5b615e78-c788-4fd8-ba4e-970f5024c677", "object_repr": "ProductionActual object (5b615e78-c788-4fd8-ba4e-970f5024c677)", "action_flag": 1, "change_message": "[{\"added\": {}}]"}}, {"model": "admin.logentry", "pk": 27, "fields": {"action_time": "2021-02-15T08:39:47.113Z", "user": 1, "content_type": 3, "object_id": "a73b228e-5c39-44be-9b29-c6ff0bee210e", "object_repr": "a73b228e-5c39-44be-9b29-c6ff0bee210e // (2021-02-15 08:39:38+00:00) // AS1004 // Second // root", "action_flag": 1, "change_message": "[{\"added\": {}}]"}}, {"model": "admin.logentry", "pk": 28, "fields": {"action_time": "2021-02-15T08:40:18.891Z", "user": 1, "content_type": 3, "object_id": "b5cfdf5c-ce6d-4240-ad04-1ee24ba7bb71", "object_repr": "b5cfdf5c-ce6d-4240-ad04-1ee24ba7bb71 // (2021-02-15 08:39:53+00:00) // AS2001 // Second // root", "action_flag": 1, "change_message": "[{\"added\": {}}]"}}, {"model": "admin.logentry", "pk": 29, "fields": {"action_time": "2021-02-15T08:40:41.084Z", "user": 1, "content_type": 3, "object_id": "b5cfdf5c-ce6d-4240-ad04-1ee24ba7bb71", "object_repr": "b5cfdf5c-ce6d-4240-ad04-1ee24ba7bb71 // (2021-02-15 08:39:53+00:00) // AS2001 // Second // root", "action_flag": 3, "change_message": ""}}, {"model": "admin.logentry", "pk": 30, "fields": {"action_time": "2021-02-15T08:40:41.089Z", "user": 1, "content_type": 3, "object_id": "a73b228e-5c39-44be-9b29-c6ff0bee210e", "object_repr": "a73b228e-5c39-44be-9b29-c6ff0bee210e // (2021-02-15 08:39:38+00:00) // AS1004 // Second // root", "action_flag": 3, "change_message": ""}}, {"model": "admin.logentry", "pk": 31, "fields": {"action_time": "2021-02-15T08:40:41.093Z", "user": 1, "content_type": 3, "object_id": "5b615e78-c788-4fd8-ba4e-970f5024c677", "object_repr": "5b615e78-c788-4fd8-ba4e-970f5024c677 // (2021-02-15 08:34:41+00:00) // AS2001 // Second // root", "action_flag": 3, "change_message": ""}}, {"model": "admin.logentry", "pk": 32, "fields": {"action_time": "2021-02-15T08:41:49.542Z", "user": 1, "content_type": 3, "object_id": "1836dbfb-8667-4479-bac5-1bfe512f1658", "object_repr": "1836dbfb-8667-4479-bac5-1bfe512f1658 // (2021-02-15) // AS2001 // First // root", "action_flag": 1, "change_message": "[{\"added\": {}}]"}}, {"model": "admin.logentry", "pk": 33, "fields": {"action_time": "2021-02-15T08:41:57.395Z", "user": 1, "content_type": 3, "object_id": "f0726b4b-494b-4e2e-8abd-835947473f10", "object_repr": "f0726b4b-494b-4e2e-8abd-835947473f10 // (2021-02-15) // AS2001 // Second // root", "action_flag": 1, "change_message": "[{\"added\": {}}]"}}, {"model": "admin.logentry", "pk": 34, "fields": {"action_time": "2021-02-15T08:42:08.060Z", "user": 1, "content_type": 3, "object_id": "68a9ccd0-1f84-4ae8-9d9d-ceacba8060d2", "object_repr": "68a9ccd0-1f84-4ae8-9d9d-ceacba8060d2 // (2021-02-15) // AS1004 // First // root", "action_flag": 1, "change_message": "[{\"added\": {}}]"}}, {"model": "admin.logentry", "pk": 35, "fields": {"action_time": "2021-02-15T08:42:16.881Z", "user": 1, "content_type": 3, "object_id": "e6d948a1-d1a3-4feb-875d-f7e5d37e90b4", "object_repr": "e6d948a1-d1a3-4feb-875d-f7e5d37e90b4 // (2021-02-15) // AS1004 // Second // root", "action_flag": 1, "change_message": "[{\"added\": {}}]"}}, {"model": "admin.logentry", "pk": 36, "fields": {"action_time": "2021-02-15T23:23:54.270Z", "user": 1, "content_type": 1, "object_id": "3", "object_repr": "AS2002", "action_flag": 1, "change_message": "[{\"added\": {}}]"}}, {"model": "admin.logentry", "pk": 37, "fields": {"action_time": "2021-02-15T23:26:55.990Z", "user": 1, "content_type": 17, "object_id": "2", "object_repr": "aeil0520", "action_flag": 1, "change_message": "[{\"added\": {}}]"}}, {"model": "admin.logentry", "pk": 38, "fields": {"action_time": "2021-02-15T23:27:17.560Z", "user": 1, "content_type": 17, "object_id": "2", "object_repr": "aeil0520", "action_flag": 2, "change_message": "[{\"changed\": {\"fields\": [\"First name\", \"Last name\", \"Email address\"]}}]"}}, {"model": "admin.logentry", "pk": 39, "fields": {"action_time": "2021-02-15T23:34:54.175Z", "user": 1, "content_type": 3, "object_id": "c32f95fa-785e-4ad0-80e7-a9877afa9219", "object_repr": "c32f95fa-785e-4ad0-80e7-a9877afa9219 // (2021-02-15) // AS2001 // Second // aeil0520", "action_flag": 2, "change_message": "[{\"changed\": {\"fields\": [\"Assembly line number\", \"Shift\"]}}]"}}, {"model": "admin.logentry", "pk": 40, "fields": {"action_time": "2021-02-16T00:16:56.964Z", "user": 1, "content_type": 3, "object_id": "e6d948a1-d1a3-4feb-875d-f7e5d37e90b4", "object_repr": "e6d948a1-d1a3-4feb-875d-f7e5d37e90b4 // (2021-02-15) // AS1004 // Second // root", "action_flag": 3, "change_message": ""}}, {"model": "admin.logentry", "pk": 41, "fields": {"action_time": "2021-02-16T00:16:56.976Z", "user": 1, "content_type": 3, "object_id": "e66d7978-713d-482f-9cfa-1d0366bb49af", "object_repr": "e66d7978-713d-482f-9cfa-1d0366bb49af // (2021-02-15) // AS2001 // Second // aeil0520", "action_flag": 3, "change_message": ""}}, {"model": "admin.logentry", "pk": 42, "fields": {"action_time": "2021-02-16T00:16:56.981Z", "user": 1, "content_type": 3, "object_id": "cf1a11f4-c56f-4826-838f-1a60e12502a6", "object_repr": "cf1a11f4-c56f-4826-838f-1a60e12502a6 // (2021-02-19) // AS1004 // Second // root", "action_flag": 3, "change_message": ""}}, {"model": "admin.logentry", "pk": 43, "fields": {"action_time": "2021-02-16T00:16:56.986Z", "user": 1, "content_type": 3, "object_id": "c7ce379e-c7a9-4f54-b495-3f37dce2dfad", "object_repr": "c7ce379e-c7a9-4f54-b495-3f37dce2dfad // (2021-02-19) // AS2001 // Third // root", "action_flag": 3, "change_message": ""}}, {"model": "admin.logentry", "pk": 44, "fields": {"action_time": "2021-02-16T00:16:56.990Z", "user": 1, "content_type": 3, "object_id": "c454f911-f832-4ac7-9730-2d8c63f92978", "object_repr": "c454f911-f832-4ac7-9730-2d8c63f92978 // (2021-02-15) // AS1004 // Second // root", "action_flag": 3, "change_message": ""}}, {"model": "admin.logentry", "pk": 45, "fields": {"action_time": "2021-02-16T00:16:56.996Z", "user": 1, "content_type": 3, "object_id": "c32f95fa-785e-4ad0-80e7-a9877afa9219", "object_repr": "c32f95fa-785e-4ad0-80e7-a9877afa9219 // (2021-02-15) // AS2001 // Second // aeil0520", "action_flag": 3, "change_message": ""}}, {"model": "admin.logentry", "pk": 46, "fields": {"action_time": "2021-02-16T00:16:57.000Z", "user": 1, "content_type": 3, "object_id": "68a9ccd0-1f84-4ae8-9d9d-ceacba8060d2", "object_repr": "68a9ccd0-1f84-4ae8-9d9d-ceacba8060d2 // (2021-02-15) // AS1004 // First // root", "action_flag": 3, "change_message": ""}}, {"model": "admin.logentry", "pk": 47, "fields": {"action_time": "2021-02-16T00:16:57.005Z", "user": 1, "content_type": 3, "object_id": "6498dd18-83dd-4d4c-8c87-0ac57f8e5a2b", "object_repr": "6498dd18-83dd-4d4c-8c87-0ac57f8e5a2b // (2021-02-16) // AS1004 // Flex // root", "action_flag": 3, "change_message": ""}}, {"model": "admin.logentry", "pk": 48, "fields": {"action_time": "2021-02-16T00:16:57.010Z", "user": 1, "content_type": 3, "object_id": "54e8c2e1-793a-4593-9254-87c80f3d8b9b", "object_repr": "54e8c2e1-793a-4593-9254-87c80f3d8b9b // (2021-02-16) // AS1004 // Flex // root", "action_flag": 3, "change_message": ""}}, {"model": "admin.logentry", "pk": 49, "fields": {"action_time": "2021-02-16T00:16:57.016Z", "user": 1, "content_type": 3, "object_id": "205f40a7-cd72-4f7f-acf3-b084e5d349bb", "object_repr": "205f40a7-cd72-4f7f-acf3-b084e5d349bb // (2021-02-16) // AS1004 // Flex // root", "action_flag": 3, "change_message": ""}}, {"model": "admin.logentry", "pk": 50, "fields": {"action_time": "2021-02-16T00:16:57.021Z", "user": 1, "content_type": 3, "object_id": "1ddcaabf-da37-4788-b985-f8d7d67180ac", "object_repr": "1ddcaabf-da37-4788-b985-f8d7d67180ac // (2021-02-15) // AS2002 // First // root", "action_flag": 3, "change_message": ""}}, {"model": "admin.logentry", "pk": 51, "fields": {"action_time": "2021-02-16T00:16:57.026Z", "user": 1, "content_type": 3, "object_id": "1836dbfb-8667-4479-bac5-1bfe512f1658", "object_repr": "1836dbfb-8667-4479-bac5-1bfe512f1658 // (2021-02-15) // AS2001 // First // root", "action_flag": 3, "change_message": ""}}, {"model": "admin.logentry", "pk": 52, "fields": {"action_time": "2021-02-16T00:16:57.032Z", "user": 1, "content_type": 3, "object_id": "137e5989-561d-402f-8134-3c618090a736", "object_repr": "137e5989-561d-402f-8134-3c618090a736 // (2021-03-15) // AS2001 // Flex // root", "action_flag": 3, "change_message": ""}}, {"model": "admin.logentry", "pk": 53, "fields": {"action_time": "2021-02-16T00:16:57.036Z", "user": 1, "content_type": 3, "object_id": "0a973b38-9ccc-4c02-934f-af29ca833223", "object_repr": "0a973b38-9ccc-4c02-934f-af29ca833223 // (2021-02-16) // AS1004 // Flex // root", "action_flag": 3, "change_message": ""}}, {"model": "admin.logentry", "pk": 54, "fields": {"action_time": "2021-02-16T00:16:57.041Z", "user": 1, "content_type": 3, "object_id": "039cfec9-c8b3-4865-879a-3c8d2629b422", "object_repr": "039cfec9-c8b3-4865-879a-3c8d2629b422 // (2021-02-19) // AS2001 // Third // root", "action_flag": 3, "change_message": ""}}, {"model": "admin.logentry", "pk": 55, "fields": {"action_time": "2021-02-16T01:00:45.634Z", "user": 1, "content_type": 3, "object_id": "fa6df41d-896e-46df-a8a3-e1cc33388ddd", "object_repr": "fa6df41d-896e-46df-a8a3-e1cc33388ddd // (2021-02-15) // AS2001 // First // root", "action_flag": 3, "change_message": ""}}, {"model": "admin.logentry", "pk": 56, "fields": {"action_time": "2021-02-16T01:00:45.641Z", "user": 1, "content_type": 3, "object_id": "f0726b4b-494b-4e2e-8abd-835947473f10", "object_repr": "f0726b4b-494b-4e2e-8abd-835947473f10 // (2021-02-15) // AS2001 // Second // root", "action_flag": 3, "change_message": ""}}, {"model": "admin.logentry", "pk": 57, "fields": {"action_time": "2021-02-16T01:00:45.645Z", "user": 1, "content_type": 3, "object_id": "ee72309d-8375-4432-9697-898bdd134328", "object_repr": "ee72309d-8375-4432-9697-898bdd134328 // (2021-02-15) // AS2001 // Second // root", "action_flag": 3, "change_message": ""}}, {"model": "admin.logentry", "pk": 58, "fields": {"action_time": "2021-02-16T01:00:45.650Z", "user": 1, "content_type": 3, "object_id": "d30a3e89-df3b-44cc-b4d9-0298bbd3b46c", "object_repr": "d30a3e89-df3b-44cc-b4d9-0298bbd3b46c // (2021-05-15) // AS1004 // Second // aeil0520", "action_flag": 3, "change_message": ""}}, {"model": "admin.logentry", "pk": 59, "fields": {"action_time": "2021-02-16T01:00:45.656Z", "user": 1, "content_type": 3, "object_id": "a57d1b44-b0d9-426b-b310-225504322aa6", "object_repr": "a57d1b44-b0d9-426b-b310-225504322aa6 // (2021-05-15) // AS2002 // Flex // root", "action_flag": 3, "change_message": ""}}, {"model": "admin.logentry", "pk": 60, "fields": {"action_time": "2021-02-16T01:00:45.661Z", "user": 1, "content_type": 3, "object_id": "920bb32b-02d1-47d5-903e-f98e759bf33a", "object_repr": "920bb32b-02d1-47d5-903e-f98e759bf33a // (2021-05-15) // AS1004 // Second // root", "action_flag": 3, "change_message": ""}}, {"model": "admin.logentry", "pk": 61, "fields": {"action_time": "2021-02-16T07:54:03.559Z", "user": 1, "content_type": 3, "object_id": "f64a8f78-bdd6-4c6b-ab17-03c46e3d7ff2", "object_repr": "f64a8f78-bdd6-4c6b-ab17-03c46e3d7ff2 // (2021-02-15) // AS1004 // First // root", "action_flag": 3, "change_message": ""}}, {"model": "admin.logentry", "pk": 62, "fields": {"action_time": "2021-02-16T07:54:03.570Z", "user": 1, "content_type": 3, "object_id": "f0cb1621-9ef2-4e0e-8c7a-be05756abcf1", "object_repr": "f0cb1621-9ef2-4e0e-8c7a-be05756abcf1 // (2021-02-15) // AS2001 // First // root", "action_flag": 3, "change_message": ""}}, {"model": "admin.logentry", "pk": 63, "fields": {"action_time": "2021-02-16T07:54:03.575Z", "user": 1, "content_type": 3, "object_id": "ed4c4c2d-82b5-43f6-849e-f5aa717ed025", "object_repr": "ed4c4c2d-82b5-43f6-849e-f5aa717ed025 // (2021-02-15) // AS1004 // Second // root", "action_flag": 3, "change_message": ""}}, {"model": "admin.logentry", "pk": 64, "fields": {"action_time": "2021-02-16T07:54:03.580Z", "user": 1, "content_type": 3, "object_id": "e7dbea51-2af9-4cd5-bbf1-f16c59503ac2", "object_repr": "e7dbea51-2af9-4cd5-bbf1-f16c59503ac2 // (2021-04-15) // AS1004 // Second // root", "action_flag": 3, "change_message": ""}}, {"model": "admin.logentry", "pk": 65, "fields": {"action_time": "2021-02-16T07:54:03.585Z", "user": 1, "content_type": 3, "object_id": "e6d83452-4473-47db-9e97-88aa180cffdf", "object_repr": "e6d83452-4473-47db-9e97-88aa180cffdf // (2021-04-15) // AS1004 // Second // root", "action_flag": 3, "change_message": ""}}, {"model": "admin.logentry", "pk": 66, "fields": {"action_time": "2021-02-16T07:54:03.592Z", "user": 1, "content_type": 3, "object_id": "e0dfb2b0-4f70-4d07-a28e-e8eeba73be02", "object_repr": "e0dfb2b0-4f70-4d07-a28e-e8eeba73be02 // (2021-04-15) // AS1004 // Second // root", "action_flag": 3, "change_message": ""}}, {"model": "admin.logentry", "pk": 67, "fields": {"action_time": "2021-02-16T07:54:03.597Z", "user": 1, "content_type": 3, "object_id": "e08a40d9-bd96-42c3-9243-056ae31209cf", "object_repr": "e08a40d9-bd96-42c3-9243-056ae31209cf // (2021-02-15) // AS1004 // First // root", "action_flag": 3, "change_message": ""}}, {"model": "admin.logentry", "pk": 68, "fields": {"action_time": "2021-02-16T07:54:03.601Z", "user": 1, "content_type": 3, "object_id": "dd604327-a5aa-42a0-bc1a-bcc940e90058", "object_repr": "dd604327-a5aa-42a0-bc1a-bcc940e90058 // (2021-04-15) // AS1004 // Second // root", "action_flag": 3, "change_message": ""}}, {"model": "admin.logentry", "pk": 69, "fields": {"action_time": "2021-02-16T07:54:03.608Z", "user": 1, "content_type": 3, "object_id": "ca7750fe-6421-4e6d-9b3a-0a0dbafd1507", "object_repr": "ca7750fe-6421-4e6d-9b3a-0a0dbafd1507 // (2021-04-15) // AS1004 // Second // root", "action_flag": 3, "change_message": ""}}, {"model": "admin.logentry", "pk": 70, "fields": {"action_time": "2021-02-16T07:54:03.612Z", "user": 1, "content_type": 3, "object_id": "c5163804-fc0f-47c5-8726-5f88682dec10", "object_repr": "c5163804-fc0f-47c5-8726-5f88682dec10 // (2021-02-15) // AS2001 // Second // root", "action_flag": 3, "change_message": ""}}, {"model": "admin.logentry", "pk": 71, "fields": {"action_time": "2021-02-16T07:54:03.617Z", "user": 1, "content_type": 3, "object_id": "c0303f7a-a695-44b7-9972-083e0b079ee3", "object_repr": "c0303f7a-a695-44b7-9972-083e0b079ee3 // (2021-02-15) // AS2001 // Third // root", "action_flag": 3, "change_message": ""}}, {"model": "admin.logentry", "pk": 72, "fields": {"action_time": "2021-02-16T07:54:03.622Z", "user": 1, "content_type": 3, "object_id": "bf45a8c3-bb42-4516-9907-e258b3bf0727", "object_repr": "bf45a8c3-bb42-4516-9907-e258b3bf0727 // (2021-04-15) // AS1004 // Second // root", "action_flag": 3, "change_message": ""}}, {"model": "admin.logentry", "pk": 73, "fields": {"action_time": "2021-02-16T07:54:03.628Z", "user": 1, "content_type": 3, "object_id": "ad529e3d-c4fa-4e2d-92e0-5888aaf78665", "object_repr": "ad529e3d-c4fa-4e2d-92e0-5888aaf78665 // (2021-04-15) // AS2001 // First // root", "action_flag": 3, "change_message": ""}}, {"model": "admin.logentry", "pk": 74, "fields": {"action_time": "2021-02-16T07:54:03.633Z", "user": 1, "content_type": 3, "object_id": "ad1434c0-9096-421e-b113-7ecf92eb0506", "object_repr": "ad1434c0-9096-421e-b113-7ecf92eb0506 // (2021-02-15) // AS1004 // First // root", "action_flag": 3, "change_message": ""}}, {"model": "admin.logentry", "pk": 75, "fields": {"action_time": "2021-02-16T07:54:03.639Z", "user": 1, "content_type": 3, "object_id": "a5149772-f71d-446c-a945-a62147ed7a63", "object_repr": "a5149772-f71d-446c-a945-a62147ed7a63 // (2021-04-15) // AS1004 // Second // root", "action_flag": 3, "change_message": ""}}, {"model": "admin.logentry", "pk": 76, "fields": {"action_time": "2021-02-16T07:54:03.644Z", "user": 1, "content_type": 3, "object_id": "9c6cc916-1524-4c1c-b123-36e70dd18733", "object_repr": "9c6cc916-1524-4c1c-b123-36e70dd18733 // (2021-04-15) // AS1004 // Second // root", "action_flag": 3, "change_message": ""}}, {"model": "admin.logentry", "pk": 77, "fields": {"action_time": "2021-02-16T07:54:03.648Z", "user": 1, "content_type": 3, "object_id": "97d96379-1b78-470a-89a7-8c4a3646cc1b", "object_repr": "97d96379-1b78-470a-89a7-8c4a3646cc1b // (2021-02-15) // AS2001 // Third // root", "action_flag": 3, "change_message": ""}}, {"model": "admin.logentry", "pk": 78, "fields": {"action_time": "2021-02-16T07:54:03.654Z", "user": 1, "content_type": 3, "object_id": "947047ac-6ed5-489f-9094-d9db327092c8", "object_repr": "947047ac-6ed5-489f-9094-d9db327092c8 // (2021-02-15) // AS2001 // Third // root", "action_flag": 3, "change_message": ""}}, {"model": "admin.logentry", "pk": 79, "fields": {"action_time": "2021-02-16T07:54:03.658Z", "user": 1, "content_type": 3, "object_id": "92abbe7d-78da-46fc-b60f-e063ea4ed763", "object_repr": "92abbe7d-78da-46fc-b60f-e063ea4ed763 // (2021-04-15) // AS1004 // Second // root", "action_flag": 3, "change_message": ""}}, {"model": "admin.logentry", "pk": 80, "fields": {"action_time": "2021-02-16T07:54:03.663Z", "user": 1, "content_type": 3, "object_id": "8cfeaf5e-43c8-421f-83f7-4c61d07a8463", "object_repr": "8cfeaf5e-43c8-421f-83f7-4c61d07a8463 // (2021-04-15) // AS1004 // Second // root", "action_flag": 3, "change_message": ""}}, {"model": "admin.logentry", "pk": 81, "fields": {"action_time": "2021-02-16T07:54:03.667Z", "user": 1, "content_type": 3, "object_id": "85c5c613-0182-4c6e-8504-3cb0cf9dac9b", "object_repr": "85c5c613-0182-4c6e-8504-3cb0cf9dac9b // (2021-04-15) // AS1004 // Second // root", "action_flag": 3, "change_message": ""}}, {"model": "admin.logentry", "pk": 82, "fields": {"action_time": "2021-02-16T07:54:03.672Z", "user": 1, "content_type": 3, "object_id": "84f24cff-48bf-4784-8d92-1b06080cfde8", "object_repr": "84f24cff-48bf-4784-8d92-1b06080cfde8 // (2021-02-15) // AS2001 // First // root", "action_flag": 3, "change_message": ""}}, {"model": "admin.logentry", "pk": 83, "fields": {"action_time": "2021-02-16T07:54:03.678Z", "user": 1, "content_type": 3, "object_id": "80366ea5-1860-4c96-b0c8-db732e706cb8", "object_repr": "80366ea5-1860-4c96-b0c8-db732e706cb8 // (2021-04-15) // AS1004 // Second // root", "action_flag": 3, "change_message": ""}}, {"model": "admin.logentry", "pk": 84, "fields": {"action_time": "2021-02-16T07:54:03.682Z", "user": 1, "content_type": 3, "object_id": "7f5834a6-c59e-4086-8194-e7ff3dfea814", "object_repr": "7f5834a6-c59e-4086-8194-e7ff3dfea814 // (2021-04-15) // AS1004 // Second // root", "action_flag": 3, "change_message": ""}}, {"model": "admin.logentry", "pk": 85, "fields": {"action_time": "2021-02-16T07:54:03.688Z", "user": 1, "content_type": 3, "object_id": "7e572445-fe75-43b8-8a20-d6523ff2d53b", "object_repr": "7e572445-fe75-43b8-8a20-d6523ff2d53b // (2021-04-15) // AS1004 // Second // root", "action_flag": 3, "change_message": ""}}, {"model": "admin.logentry", "pk": 86, "fields": {"action_time": "2021-02-16T07:54:03.693Z", "user": 1, "content_type": 3, "object_id": "7aa0eb19-9cc2-4de4-b39c-145a60bdce12", "object_repr": "7aa0eb19-9cc2-4de4-b39c-145a60bdce12 // (2021-04-15) // AS1004 // Second // root", "action_flag": 3, "change_message": ""}}, {"model": "admin.logentry", "pk": 87, "fields": {"action_time": "2021-02-16T07:54:03.698Z", "user": 1, "content_type": 3, "object_id": "74390e52-119b-4cec-8946-3bddd03a2e38", "object_repr": "74390e52-119b-4cec-8946-3bddd03a2e38 // (2021-02-15) // AS2001 // Third // root", "action_flag": 3, "change_message": ""}}, {"model": "admin.logentry", "pk": 88, "fields": {"action_time": "2021-02-16T07:54:03.703Z", "user": 1, "content_type": 3, "object_id": "7322eaca-a2e4-4eae-b8ac-8262964e9862", "object_repr": "7322eaca-a2e4-4eae-b8ac-8262964e9862 // (2021-02-15) // AS2001 // First // root", "action_flag": 3, "change_message": ""}}, {"model": "admin.logentry", "pk": 89, "fields": {"action_time": "2021-02-16T07:54:03.708Z", "user": 1, "content_type": 3, "object_id": "67ce7658-76e0-42cf-af44-a106689a5106", "object_repr": "67ce7658-76e0-42cf-af44-a106689a5106 // (2021-02-15) // AS2001 // First // root", "action_flag": 3, "change_message": ""}}, {"model": "admin.logentry", "pk": 90, "fields": {"action_time": "2021-02-16T07:54:03.714Z", "user": 1, "content_type": 3, "object_id": "574a09ea-c548-4c44-b20e-e87bcda79bd4", "object_repr": "574a09ea-c548-4c44-b20e-e87bcda79bd4 // (2021-02-15) // AS1004 // Second // root", "action_flag": 3, "change_message": ""}}, {"model": "admin.logentry", "pk": 91, "fields": {"action_time": "2021-02-16T07:54:03.729Z", "user": 1, "content_type": 3, "object_id": "4db232f6-7686-4374-840d-cdcaa5c5177e", "object_repr": "4db232f6-7686-4374-840d-cdcaa5c5177e // (2021-04-15) // AS1004 // Second // root", "action_flag": 3, "change_message": ""}}, {"model": "admin.logentry", "pk": 92, "fields": {"action_time": "2021-02-16T07:54:03.735Z", "user": 1, "content_type": 3, "object_id": "4b0d5d03-e8d9-48a7-bf44-4ed801bcc095", "object_repr": "4b0d5d03-e8d9-48a7-bf44-4ed801bcc095 // (2021-04-15) // AS1004 // Second // root", "action_flag": 3, "change_message": ""}}, {"model": "admin.logentry", "pk": 93, "fields": {"action_time": "2021-02-16T07:54:03.740Z", "user": 1, "content_type": 3, "object_id": "466f6a0f-533e-4cdf-85f7-b337553081e5", "object_repr": "466f6a0f-533e-4cdf-85f7-b337553081e5 // (2021-04-15) // AS1004 // Second // root", "action_flag": 3, "change_message": ""}}, {"model": "admin.logentry", "pk": 94, "fields": {"action_time": "2021-02-16T07:54:03.744Z", "user": 1, "content_type": 3, "object_id": "37fedb17-8ecf-4929-a366-951dd22f5a30", "object_repr": "37fedb17-8ecf-4929-a366-951dd22f5a30 // (2021-04-15) // AS1004 // Second // root", "action_flag": 3, "change_message": ""}}, {"model": "admin.logentry", "pk": 95, "fields": {"action_time": "2021-02-16T07:54:03.750Z", "user": 1, "content_type": 3, "object_id": "36c863a4-feb3-44a8-963d-d75179a42e0c", "object_repr": "36c863a4-feb3-44a8-963d-d75179a42e0c // (2021-02-15) // AS2001 // Third // root", "action_flag": 3, "change_message": ""}}, {"model": "admin.logentry", "pk": 96, "fields": {"action_time": "2021-02-16T07:54:03.755Z", "user": 1, "content_type": 3, "object_id": "348d4679-60ff-4b83-bc82-2394e8b45082", "object_repr": "348d4679-60ff-4b83-bc82-2394e8b45082 // (2021-04-15) // AS1004 // Second // root", "action_flag": 3, "change_message": ""}}, {"model": "admin.logentry", "pk": 97, "fields": {"action_time": "2021-02-16T07:54:03.760Z", "user": 1, "content_type": 3, "object_id": "32e706c9-c26f-439d-8f3d-1e6971371ada", "object_repr": "32e706c9-c26f-439d-8f3d-1e6971371ada // (2021-04-15) // AS1004 // Second // root", "action_flag": 3, "change_message": ""}}, {"model": "admin.logentry", "pk": 98, "fields": {"action_time": "2021-02-16T07:54:03.764Z", "user": 1, "content_type": 3, "object_id": "32159d7f-0b53-4b31-9e06-b02e51996bf9", "object_repr": "32159d7f-0b53-4b31-9e06-b02e51996bf9 // (2021-04-15) // AS1004 // Second // root", "action_flag": 3, "change_message": ""}}, {"model": "admin.logentry", "pk": 99, "fields": {"action_time": "2021-02-16T07:54:03.768Z", "user": 1, "content_type": 3, "object_id": "303d4e34-8ffe-40fb-a1b0-eb81c59c9cae", "object_repr": "303d4e34-8ffe-40fb-a1b0-eb81c59c9cae // (2021-04-15) // AS1004 // Second // root", "action_flag": 3, "change_message": ""}}, {"model": "admin.logentry", "pk": 100, "fields": {"action_time": "2021-02-16T07:54:03.773Z", "user": 1, "content_type": 3, "object_id": "2fcaa87e-8245-4c77-a4cd-6746ce7de757", "object_repr": "2fcaa87e-8245-4c77-a4cd-6746ce7de757 // (2021-04-15) // AS1004 // Second // root", "action_flag": 3, "change_message": ""}}, {"model": "admin.logentry", "pk": 101, "fields": {"action_time": "2021-02-16T07:54:03.778Z", "user": 1, "content_type": 3, "object_id": "2c99fbb2-bffc-4519-9056-7856fb12fae4", "object_repr": "2c99fbb2-bffc-4519-9056-7856fb12fae4 // (2021-04-15) // AS1004 // Second // root", "action_flag": 3, "change_message": ""}}, {"model": "admin.logentry", "pk": 102, "fields": {"action_time": "2021-02-16T07:54:03.783Z", "user": 1, "content_type": 3, "object_id": "20a0904a-ba5f-4a67-a163-03110dae00ce", "object_repr": "20a0904a-ba5f-4a67-a163-03110dae00ce // (2021-02-15) // AS2001 // Second // root", "action_flag": 3, "change_message": ""}}, {"model": "admin.logentry", "pk": 103, "fields": {"action_time": "2021-02-16T07:54:03.788Z", "user": 1, "content_type": 3, "object_id": "1ebb122d-5e80-4f22-8582-e829b075a1b1", "object_repr": "1ebb122d-5e80-4f22-8582-e829b075a1b1 // (2021-02-15) // AS2001 // First // root", "action_flag": 3, "change_message": ""}}, {"model": "admin.logentry", "pk": 104, "fields": {"action_time": "2021-02-16T07:54:03.792Z", "user": 1, "content_type": 3, "object_id": "1e1785ce-87e9-4b51-a659-e66ae71dd55d", "object_repr": "1e1785ce-87e9-4b51-a659-e66ae71dd55d // (2021-04-15) // AS1004 // Second // root", "action_flag": 3, "change_message": ""}}, {"model": "admin.logentry", "pk": 105, "fields": {"action_time": "2021-02-16T07:54:03.797Z", "user": 1, "content_type": 3, "object_id": "1c3c9f9e-ecdc-4c52-a02c-89a4fa7bbc8c", "object_repr": "1c3c9f9e-ecdc-4c52-a02c-89a4fa7bbc8c // (2021-04-15) // AS1004 // Second // root", "action_flag": 3, "change_message": ""}}, {"model": "admin.logentry", "pk": 106, "fields": {"action_time": "2021-02-16T07:54:03.803Z", "user": 1, "content_type": 3, "object_id": "104b1bdb-76cf-474a-807e-26be81327ba7", "object_repr": "104b1bdb-76cf-474a-807e-26be81327ba7 // (2021-02-15) // AS2001 // Third // root", "action_flag": 3, "change_message": ""}}, {"model": "admin.logentry", "pk": 107, "fields": {"action_time": "2021-02-16T07:54:03.808Z", "user": 1, "content_type": 3, "object_id": "0dd7c8da-d9c6-4423-bdcc-3d482305ce43", "object_repr": "0dd7c8da-d9c6-4423-bdcc-3d482305ce43 // (2021-02-15) // AS2001 // Third // root", "action_flag": 3, "change_message": ""}}, {"model": "admin.logentry", "pk": 108, "fields": {"action_time": "2021-02-16T07:54:03.813Z", "user": 1, "content_type": 3, "object_id": "07a8e6d5-7b45-48ff-b287-66f85fee1171", "object_repr": "07a8e6d5-7b45-48ff-b287-66f85fee1171 // (2021-02-15) // AS2001 // Second // root", "action_flag": 3, "change_message": ""}}, {"model": "admin.logentry", "pk": 109, "fields": {"action_time": "2021-02-17T09:34:45.283Z", "user": 1, "content_type": 3, "object_id": "bb1ea160-cc22-4419-b56f-1f39d1b7e190", "object_repr": "bb1ea160-cc22-4419-b56f-1f39d1b7e190 // (2021-05-15) // AS1004 // Second // root", "action_flag": 3, "change_message": ""}}, {"model": "admin.logentry", "pk": 110, "fields": {"action_time": "2021-02-17T09:37:35.130Z", "user": 1, "content_type": 6, "object_id": "1", "object_repr": "Hourly object (1)", "action_flag": 1, "change_message": "[{\"added\": {}}]"}}, {"model": "admin.logentry", "pk": 111, "fields": {"action_time": "2021-02-17T09:46:29.373Z", "user": 1, "content_type": 6, "object_id": "1", "object_repr": "Hourly object (1)", "action_flag": 2, "change_message": "[]"}}, {"model": "admin.logentry", "pk": 112, "fields": {"action_time": "2021-02-17T11:31:56.328Z", "user": 1, "content_type": 6, "object_id": "bb11ba9b-940b-485a-958c-0b0119c23bf8", "object_repr": "bb11ba9b-940b-485a-958c-0b0119c23bf8 // (2021-05-15) // AS1004 // Third // aeil0520", "action_flag": 2, "change_message": "[{\"changed\": {\"fields\": [\"Hour4\", \"Hour5\", \"Hour6\", \"Hour7\", \"Hour8\", \"Hour9\", \"Hour10\"]}}]"}}, {"model": "admin.logentry", "pk": 113, "fields": {"action_time": "2021-02-17T11:50:58.663Z", "user": 1, "content_type": 6, "object_id": "4fcf4447-a20b-4fca-a3b1-45fac7770829", "object_repr": "4fcf4447-a20b-4fca-a3b1-45fac7770829 // (2021-02-20) // AS2001 // Flex // root", "action_flag": 2, "change_message": "[{\"changed\": {\"fields\": [\"Hour1\", \"Hour2\", \"Hour3\", \"Hour4\"]}}]"}}, {"model": "admin.logentry", "pk": 114, "fields": {"action_time": "2021-02-17T11:54:09.519Z", "user": 1, "content_type": 3, "object_id": "fb8b2d18-59c0-4a45-811a-d1897fe00cc8", "object_repr": "fb8b2d18-59c0-4a45-811a-d1897fe00cc8 // (2021-05-15) // AS2001 // Second // root", "action_flag": 3, "change_message": ""}}, {"model": "admin.logentry", "pk": 115, "fields": {"action_time": "2021-02-17T11:54:09.530Z", "user": 1, "content_type": 3, "object_id": "d6c0339e-856f-4fd4-8589-7baf9c99afa4", "object_repr": "d6c0339e-856f-4fd4-8589-7baf9c99afa4 // (2021-02-15) // AS1004 // Flex // root", "action_flag": 3, "change_message": ""}}, {"model": "admin.logentry", "pk": 116, "fields": {"action_time": "2021-02-17T11:54:09.535Z", "user": 1, "content_type": 3, "object_id": "becb4d66-79fc-41b3-98cf-8e9debbd7384", "object_repr": "becb4d66-79fc-41b3-98cf-8e9debbd7384 // (2021-02-16) // AS1004 // First // root", "action_flag": 3, "change_message": ""}}, {"model": "admin.logentry", "pk": 117, "fields": {"action_time": "2021-02-17T11:54:09.540Z", "user": 1, "content_type": 3, "object_id": "bcd6ba53-e7dd-4363-9513-3ac33e0dd6e7", "object_repr": "bcd6ba53-e7dd-4363-9513-3ac33e0dd6e7 // (2021-02-15) // AS2001 // Third // root", "action_flag": 3, "change_message": ""}}, {"model": "admin.logentry", "pk": 118, "fields": {"action_time": "2021-02-17T11:54:09.546Z", "user": 1, "content_type": 3, "object_id": "bb11ba9b-940b-485a-958c-0b0119c23bf8", "object_repr": "bb11ba9b-940b-485a-958c-0b0119c23bf8 // (2021-05-15) // AS1004 // Third // aeil0520", "action_flag": 3, "change_message": ""}}, {"model": "admin.logentry", "pk": 119, "fields": {"action_time": "2021-02-17T11:54:09.550Z", "user": 1, "content_type": 3, "object_id": "8fcf86ef-35d5-44c0-815f-3533124374e0", "object_repr": "8fcf86ef-35d5-44c0-815f-3533124374e0 // (2021-02-15) // AS2001 // First // root", "action_flag": 3, "change_message": ""}}, {"model": "admin.logentry", "pk": 120, "fields": {"action_time": "2021-02-17T11:54:09.555Z", "user": 1, "content_type": 3, "object_id": "8367fc8e-3029-416a-9e69-5e4e6afc7388", "object_repr": "8367fc8e-3029-416a-9e69-5e4e6afc7388 // (2021-02-15) // AS1004 // Second // aeil0520", "action_flag": 3, "change_message": ""}}, {"model": "admin.logentry", "pk": 121, "fields": {"action_time": "2021-02-17T11:54:09.560Z", "user": 1, "content_type": 3, "object_id": "7b9aa451-08c2-44a4-a943-3ceb63a005b2", "object_repr": "7b9aa451-08c2-44a4-a943-3ceb63a005b2 // (2021-04-15) // AS2001 // Second // root", "action_flag": 3, "change_message": ""}}, {"model": "admin.logentry", "pk": 122, "fields": {"action_time": "2021-02-17T11:54:09.565Z", "user": 1, "content_type": 3, "object_id": "6ddc4ada-501c-4594-bc2d-0457959bffc3", "object_repr": "6ddc4ada-501c-4594-bc2d-0457959bffc3 // (2021-02-15) // AS2001 // First // root", "action_flag": 3, "change_message": ""}}, {"model": "admin.logentry", "pk": 123, "fields": {"action_time": "2021-02-17T11:54:09.571Z", "user": 1, "content_type": 3, "object_id": "6c291853-8ff5-4dba-884e-a5129b7247f1", "object_repr": "6c291853-8ff5-4dba-884e-a5129b7247f1 // (2021-04-15) // AS1004 // Second // root", "action_flag": 3, "change_message": ""}}, {"model": "admin.logentry", "pk": 124, "fields": {"action_time": "2021-02-17T11:54:09.576Z", "user": 1, "content_type": 3, "object_id": "66468e62-221e-4a31-8904-d3135d870428", "object_repr": "66468e62-221e-4a31-8904-d3135d870428 // (2021-02-15) // AS2002 // Second // root", "action_flag": 3, "change_message": ""}}, {"model": "admin.logentry", "pk": 125, "fields": {"action_time": "2021-02-17T11:54:09.581Z", "user": 1, "content_type": 3, "object_id": "5a1bcc03-37f0-4810-be26-2359c326b670", "object_repr": "5a1bcc03-37f0-4810-be26-2359c326b670 // (2021-02-15) // AS2001 // Second // aeil0520", "action_flag": 3, "change_message": ""}}, {"model": "admin.logentry", "pk": 126, "fields": {"action_time": "2021-02-17T11:54:09.586Z", "user": 1, "content_type": 3, "object_id": "551e6310-e0e7-4f43-943b-a1c222875d65", "object_repr": "551e6310-e0e7-4f43-943b-a1c222875d65 // (2021-02-16) // AS2002 // Second // root", "action_flag": 3, "change_message": ""}}, {"model": "admin.logentry", "pk": 127, "fields": {"action_time": "2021-02-17T11:54:09.592Z", "user": 1, "content_type": 3, "object_id": "4fcf4447-a20b-4fca-a3b1-45fac7770829", "object_repr": "4fcf4447-a20b-4fca-a3b1-45fac7770829 // (2021-02-20) // AS2001 // Flex // root", "action_flag": 3, "change_message": ""}}, {"model": "admin.logentry", "pk": 128, "fields": {"action_time": "2021-02-17T11:54:09.598Z", "user": 1, "content_type": 3, "object_id": "48a11425-55d5-4294-96e5-e64f72d8cc7c", "object_repr": "48a11425-55d5-4294-96e5-e64f72d8cc7c // (2021-02-15) // AS2001 // Second // root", "action_flag": 3, "change_message": ""}}, {"model": "admin.logentry", "pk": 129, "fields": {"action_time": "2021-02-17T11:54:09.603Z", "user": 1, "content_type": 3, "object_id": "0ef6bdd7-b4b3-4d80-8f87-934945d053b3", "object_repr": "0ef6bdd7-b4b3-4d80-8f87-934945d053b3 // (2021-02-16) // AS2002 // Second // root", "action_flag": 3, "change_message": ""}}, {"model": "admin.logentry", "pk": 130, "fields": {"action_time": "2021-02-17T11:54:09.607Z", "user": 1, "content_type": 3, "object_id": "04afdfb3-b48d-49df-a611-e09caba313ac", "object_repr": "04afdfb3-b48d-49df-a611-e09caba313ac // (2021-02-15) // AS2002 // First // root", "action_flag": 3, "change_message": ""}}, {"model": "admin.logentry", "pk": 131, "fields": {"action_time": "2021-02-17T11:55:20.251Z", "user": 1, "content_type": 6, "object_id": "1a9cabb4-a434-4ab2-9289-6b795b1e1060", "object_repr": "1a9cabb4-a434-4ab2-9289-6b795b1e1060 // (2021-02-16) // AS2001 // First // root", "action_flag": 2, "change_message": "[{\"changed\": {\"fields\": [\"Hour1\", \"Hour2\", \"Hour3\", \"Hour4\"]}}]"}}, {"model": "admin.logentry", "pk": 132, "fields": {"action_time": "2021-02-17T12:10:25.778Z", "user": 1, "content_type": 17, "object_id": "1", "object_repr": "root", "action_flag": 2, "change_message": "[{\"changed\": {\"fields\": [\"First name\", \"Last name\", \"Email address\"]}}]"}}, {"model": "admin.logentry", "pk": 133, "fields": {"action_time": "2021-02-17T12:11:35.313Z", "user": 1, "content_type": 6, "object_id": "1c789aae-41c5-4e75-b5b2-e73bd91542a7", "object_repr": "1c789aae-41c5-4e75-b5b2-e73bd91542a7 // (2021-02-16) // AS2001 // Second // root", "action_flag": 2, "change_message": "[{\"changed\": {\"fields\": [\"Hour2\", \"Hour3\", \"Hour4\"]}}]"}}, {"model": "admin.logentry", "pk": 134, "fields": {"action_time": "2021-02-22T12:18:36.010Z", "user": 1, "content_type": 6, "object_id": "1a9cabb4-a434-4ab2-9289-6b795b1e1060", "object_repr": "1a9cabb4-a434-4ab2-9289-6b795b1e1060 // (2021-02-16) // AS2001 // First // root", "action_flag": 2, "change_message": "[{\"changed\": {\"fields\": [\"Hour1\", \"Hour2\", \"Hour3\", \"Hour4\", \"Hour5\", \"Hour6\", \"Hour7\", \"Hour8\", \"Hour9\", \"Hour10\", \"Hour12\"]}}]"}}, {"model": "admin.logentry", "pk": 135, "fields": {"action_time": "2021-02-23T07:06:39.390Z", "user": 1, "content_type": 3, "object_id": "fd3a7c3a-12e7-4c29-b9cf-7b369a540d53", "object_repr": "fd3a7c3a-12e7-4c29-b9cf-7b369a540d53 // (2021-02-23) // AS2001 // Second // root", "action_flag": 3, "change_message": ""}}, {"model": "admin.logentry", "pk": 136, "fields": {"action_time": "2021-02-23T07:06:39.395Z", "user": 1, "content_type": 3, "object_id": "a930346b-cb1c-42a6-91f3-3d2efc9600b1", "object_repr": "a930346b-cb1c-42a6-91f3-3d2efc9600b1 // (2021-02-22) // AS2001 // Second // root", "action_flag": 3, "change_message": ""}}, {"model": "admin.logentry", "pk": 137, "fields": {"action_time": "2021-02-23T07:06:39.401Z", "user": 1, "content_type": 3, "object_id": "34b4ed9d-3742-4973-957f-d551cd7ff4f3", "object_repr": "34b4ed9d-3742-4973-957f-d551cd7ff4f3 // (2021-02-23) // AS2001 // Third // root", "action_flag": 3, "change_message": ""}}, {"model": "admin.logentry", "pk": 138, "fields": {"action_time": "2021-02-23T07:06:39.407Z", "user": 1, "content_type": 3, "object_id": "20c29de6-0cb1-418d-a80c-4ff151451a96", "object_repr": "20c29de6-0cb1-418d-a80c-4ff151451a96 // (2021-02-23) // AS2002 // First // root", "action_flag": 3, "change_message": ""}}, {"model": "admin.logentry", "pk": 139, "fields": {"action_time": "2021-02-23T07:06:39.412Z", "user": 1, "content_type": 3, "object_id": "1c789aae-41c5-4e75-b5b2-e73bd91542a7", "object_repr": "1c789aae-41c5-4e75-b5b2-e73bd91542a7 // (2021-02-16) // AS2001 // Second // root", "action_flag": 3, "change_message": ""}}, {"model": "admin.logentry", "pk": 140, "fields": {"action_time": "2021-02-23T07:06:39.417Z", "user": 1, "content_type": 3, "object_id": "1a9cabb4-a434-4ab2-9289-6b795b1e1060", "object_repr": "1a9cabb4-a434-4ab2-9289-6b795b1e1060 // (2021-02-16) // AS2001 // First // root", "action_flag": 3, "change_message": ""}}, {"model": "admin.logentry", "pk": 141, "fields": {"action_time": "2021-02-23T07:07:46.183Z", "user": 1, "content_type": 3, "object_id": "c3ba9683-025a-4cd3-a302-4ce1ca400000", "object_repr": "c3ba9683-025a-4cd3-a302-4ce1ca400000 // (2021-02-23) // AS2001 // First // root", "action_flag": 2, "change_message": "[{\"changed\": {\"fields\": [\"Id\"]}}]"}}, {"model": "admin.logentry", "pk": 142, "fields": {"action_time": "2021-02-23T07:08:41.573Z", "user": 1, "content_type": 3, "object_id": "00000000-0000-0000-0000-000000000001", "object_repr": "00000000-0000-0000-0000-000000000001 // (2021-02-23) // AS2001 // First // root", "action_flag": 2, "change_message": "[{\"changed\": {\"fields\": [\"Id\"]}}]"}}, {"model": "admin.logentry", "pk": 143, "fields": {"action_time": "2021-02-23T07:08:52.245Z", "user": 1, "content_type": 3, "object_id": "c3ba9683-025a-4cd3-a302-4ce1ca40ba58", "object_repr": "c3ba9683-025a-4cd3-a302-4ce1ca40ba58 // (2021-02-23) // AS2001 // First // root", "action_flag": 3, "change_message": ""}}, {"model": "admin.logentry", "pk": 144, "fields": {"action_time": "2021-02-23T07:08:52.250Z", "user": 1, "content_type": 3, "object_id": "c3ba9683-025a-4cd3-a302-4ce1ca400000", "object_repr": "c3ba9683-025a-4cd3-a302-4ce1ca400000 // (2021-02-23) // AS2001 // First // root", "action_flag": 3, "change_message": ""}}, {"model": "admin.logentry", "pk": 145, "fields": {"action_time": "2021-02-23T07:12:37.855Z", "user": 1, "content_type": 3, "object_id": "00000000-0000-0000-0000-000000000001", "object_repr": "00000000-0000-0000-0000-000000000001 // (2021-02-23) // AS2001 // First // root", "action_flag": 3, "change_message": ""}}, {"model": "admin.logentry", "pk": 146, "fields": {"action_time": "2021-02-23T07:14:19.085Z", "user": 1, "content_type": 6, "object_id": "30e73d51-e2d3-4538-95be-f8f1d935b5ee", "object_repr": "30e73d51-e2d3-4538-95be-f8f1d935b5ee // (2021-02-23) // AS2001 // First // root", "action_flag": 2, "change_message": "[{\"changed\": {\"fields\": [\"Hour1\", \"Hour2\", \"Hour3\", \"Hour4\", \"Hour5\", \"Hour6\", \"Hour7\", \"Hour8\", \"Hour9\", \"Hour10\", \"Hour11\", \"Hour12\"]}}]"}}, {"model": "admin.logentry", "pk": 147, "fields": {"action_time": "2021-02-23T08:23:13.314Z", "user": 1, "content_type": 16, "object_id": "1", "object_repr": "hancho", "action_flag": 1, "change_message": "[{\"added\": {}}]"}}, {"model": "admin.logentry", "pk": 148, "fields": {"action_time": "2021-02-23T08:23:27.308Z", "user": 1, "content_type": 16, "object_id": "2", "object_repr": "shokucho", "action_flag": 1, "change_message": "[{\"added\": {}}]"}}, {"model": "admin.logentry", "pk": 149, "fields": {"action_time": "2021-02-23T08:23:50.658Z", "user": 1, "content_type": 16, "object_id": "2", "object_repr": "Shoku-Cho", "action_flag": 2, "change_message": "[{\"changed\": {\"fields\": [\"Name\"]}}]"}}, {"model": "admin.logentry", "pk": 150, "fields": {"action_time": "2021-02-23T08:24:00.579Z", "user": 1, "content_type": 16, "object_id": "1", "object_repr": "Han-Cho", "action_flag": 2, "change_message": "[{\"changed\": {\"fields\": [\"Name\"]}}]"}}, {"model": "admin.logentry", "pk": 151, "fields": {"action_time": "2021-02-23T08:24:52.531Z", "user": 1, "content_type": 16, "object_id": "3", "object_repr": "Floater", "action_flag": 1, "change_message": "[{\"added\": {}}]"}}, {"model": "admin.logentry", "pk": 152, "fields": {"action_time": "2021-03-01T05:07:35.210Z", "user": 1, "content_type": 23, "object_id": "1", "object_repr": "615e23c3-0eb4-47d4-93ec-17723cc71182 // (2021-02-23) // AS2001 // Second // aeil0520", "action_flag": 1, "change_message": "[{\"added\": {}}]"}}, {"model": "admin.logentry", "pk": 153, "fields": {"action_time": "2021-03-01T05:13:43.127Z", "user": 1, "content_type": 23, "object_id": "1", "object_repr": "Run: 1 + 615e23c3-0eb4-47d4-93ec-17723cc71182 // (2021-02-23) // AS2001 // Second // aeil0520 ", "action_flag": 2, "change_message": "[]"}}, {"model": "admin.logentry", "pk": 154, "fields": {"action_time": "2021-03-01T05:15:05.534Z", "user": 1, "content_type": 23, "object_id": "2", "object_repr": "Run: 2 + 615e23c3-0eb4-47d4-93ec-17723cc71182 // (2021-02-23) // AS2001 // Second // aeil0520 ", "action_flag": 1, "change_message": "[{\"added\": {}}]"}}, {"model": "admin.logentry", "pk": 155, "fields": {"action_time": "2021-03-01T05:15:32.467Z", "user": 1, "content_type": 23, "object_id": "2", "object_repr": "Run: 1 + 615e23c3-0eb4-47d4-93ec-17723cc71182 // (2021-02-23) // AS2001 // Second // aeil0520 ", "action_flag": 2, "change_message": "[{\"changed\": {\"fields\": [\"Run num\"]}}]"}}, {"model": "admin.logentry", "pk": 156, "fields": {"action_time": "2021-03-01T05:27:38.390Z", "user": 1, "content_type": 23, "object_id": "2", "object_repr": "Run: 2 + 615e23c3-0eb4-47d4-93ec-17723cc71182 // (2021-02-23) // AS2001 // Second // aeil0520 ", "action_flag": 2, "change_message": "[{\"changed\": {\"fields\": [\"Run num\"]}}]"}}, {"model": "admin.logentry", "pk": 157, "fields": {"action_time": "2021-03-01T05:28:52.367Z", "user": 1, "content_type": 23, "object_id": "3", "object_repr": "Run: 3 + 615e23c3-0eb4-47d4-93ec-17723cc71182 // (2021-02-23) // AS2001 // Second // aeil0520 ", "action_flag": 1, "change_message": "[{\"added\": {}}]"}}, {"model": "admin.logentry", "pk": 158, "fields": {"action_time": "2021-03-01T05:32:46.846Z", "user": 1, "content_type": 23, "object_id": "3", "object_repr": "Run: 3 + 615e23c3-0eb4-47d4-93ec-17723cc71182 // (2021-02-23) // AS2001 // Second // aeil0520 ", "action_flag": 2, "change_message": "[]"}}, {"model": "admin.logentry", "pk": 159, "fields": {"action_time": "2021-03-01T10:13:48.716Z", "user": 1, "content_type": 6, "object_id": "615e23c3-0eb4-47d4-93ec-17723cc71182", "object_repr": "615e23c3-0eb4-47d4-93ec-17723cc71182 // (2021-02-23) // AS2001 // Second // aeil0520", "action_flag": 2, "change_message": "[{\"changed\": {\"fields\": [\"Hour10\"]}}]"}}, {"model": "admin.logentry", "pk": 160, "fields": {"action_time": "2021-03-01T10:14:45.506Z", "user": 1, "content_type": 6, "object_id": "615e23c3-0eb4-47d4-93ec-17723cc71182", "object_repr": "615e23c3-0eb4-47d4-93ec-17723cc71182 // (2021-02-23) // AS2001 // Second // aeil0520", "action_flag": 2, "change_message": "[{\"changed\": {\"fields\": [\"Hour11\", \"Hour12\"]}}]"}}, {"model": "admin.logentry", "pk": 161, "fields": {"action_time": "2021-03-01T10:28:30.455Z", "user": 1, "content_type": 6, "object_id": "615e23c3-0eb4-47d4-93ec-17723cc71182", "object_repr": "615e23c3-0eb4-47d4-93ec-17723cc71182 // (2021-02-23) // AS2001 // Second // aeil0520", "action_flag": 2, "change_message": "[{\"changed\": {\"fields\": [\"Hour5\"]}}]"}}, {"model": "admin.logentry", "pk": 162, "fields": {"action_time": "2021-03-01T10:29:51.124Z", "user": 1, "content_type": 6, "object_id": "615e23c3-0eb4-47d4-93ec-17723cc71182", "object_repr": "615e23c3-0eb4-47d4-93ec-17723cc71182 // (2021-02-23) // AS2001 // Second // aeil0520", "action_flag": 2, "change_message": "[{\"changed\": {\"fields\": [\"Hour5\"]}}]"}}, {"model": "admin.logentry", "pk": 163, "fields": {"action_time": "2021-03-01T10:30:09.233Z", "user": 1, "content_type": 6, "object_id": "615e23c3-0eb4-47d4-93ec-17723cc71182", "object_repr": "615e23c3-0eb4-47d4-93ec-17723cc71182 // (2021-02-23) // AS2001 // Second // aeil0520", "action_flag": 2, "change_message": "[{\"changed\": {\"fields\": [\"Hour5\"]}}]"}}, {"model": "admin.logentry", "pk": 164, "fields": {"action_time": "2021-03-01T10:30:25.974Z", "user": 1, "content_type": 6, "object_id": "615e23c3-0eb4-47d4-93ec-17723cc71182", "object_repr": "615e23c3-0eb4-47d4-93ec-17723cc71182 // (2021-02-23) // AS2001 // Second // aeil0520", "action_flag": 2, "change_message": "[{\"changed\": {\"fields\": [\"Hour3\"]}}]"}}, {"model": "admin.logentry", "pk": 165, "fields": {"action_time": "2021-03-01T10:33:12.331Z", "user": 1, "content_type": 23, "object_id": "4", "object_repr": "Run: 1 + 30e73d51-e2d3-4538-95be-f8f1d935b5ee // (2021-02-23) // AS2001 // First // root ", "action_flag": 1, "change_message": "[{\"added\": {}}]"}}, {"model": "admin.logentry", "pk": 166, "fields": {"action_time": "2021-03-01T10:34:46.924Z", "user": 1, "content_type": 23, "object_id": "4", "object_repr": "Run: 1 + 30e73d51-e2d3-4538-95be-f8f1d935b5ee // (2021-02-23) // AS2001 // First // root ", "action_flag": 2, "change_message": "[]"}}, {"model": "admin.logentry", "pk": 167, "fields": {"action_time": "2021-03-01T10:35:01.870Z", "user": 1, "content_type": 23, "object_id": "5", "object_repr": "Run: 2 + 30e73d51-e2d3-4538-95be-f8f1d935b5ee // (2021-02-23) // AS2001 // First // root ", "action_flag": 1, "change_message": "[{\"added\": {}}]"}}, {"model": "admin.logentry", "pk": 168, "fields": {"action_time": "2021-03-01T10:35:18.481Z", "user": 1, "content_type": 23, "object_id": "6", "object_repr": "Run: 3 + 30e73d51-e2d3-4538-95be-f8f1d935b5ee // (2021-02-23) // AS2001 // First // root ", "action_flag": 1, "change_message": "[{\"added\": {}}]"}}, {"model": "admin.logentry", "pk": 169, "fields": {"action_time": "2021-03-05T13:04:39.744Z", "user": 1, "content_type": 23, "object_id": "3", "object_repr": "Run: 3 + 615e23c3-0eb4-47d4-93ec-17723cc71182 // (2021-02-23) // AS2001 // Second // aeil0520 ", "action_flag": 3, "change_message": ""}}, {"model": "admin.logentry", "pk": 170, "fields": {"action_time": "2021-03-05T13:08:12.939Z", "user": 1, "content_type": 23, "object_id": "2", "object_repr": "Run: 2 + 615e23c3-0eb4-47d4-93ec-17723cc71182 // (2021-02-23) // AS2001 // Second // aeil0520 ", "action_flag": 2, "change_message": "[{\"changed\": {\"fields\": [\"Product number\"]}}]"}}, {"model": "admin.logentry", "pk": 171, "fields": {"action_time": "2021-03-05T13:11:12.733Z", "user": 1, "content_type": 23, "object_id": "7", "object_repr": "Run: 3 + 615e23c3-0eb4-47d4-93ec-17723cc71182 // (2021-02-23) // AS2001 // Second // aeil0520 ", "action_flag": 1, "change_message": "[{\"added\": {}}]"}}, {"model": "admin.logentry", "pk": 172, "fields": {"action_time": "2021-03-05T13:11:53.794Z", "user": 1, "content_type": 23, "object_id": "8", "object_repr": "Run: 4 + 615e23c3-0eb4-47d4-93ec-17723cc71182 // (2021-02-23) // AS2001 // Second // aeil0520 ", "action_flag": 1, "change_message": "[{\"added\": {}}]"}}, {"model": "admin.logentry", "pk": 173, "fields": {"action_time": "2021-03-07T11:14:04.083Z", "user": 1, "content_type": 2, "object_id": "3", "object_repr": "Mounting", "action_flag": 1, "change_message": "[{\"added\": {}}]"}}, {"model": "admin.logentry", "pk": 174, "fields": {"action_time": "2021-03-07T11:14:09.300Z", "user": 1, "content_type": 2, "object_id": "4", "object_repr": "EWP", "action_flag": 1, "change_message": "[{\"added\": {}}]"}}, {"model": "admin.logentry", "pk": 175, "fields": {"action_time": "2021-03-07T11:18:53.481Z", "user": 1, "content_type": 3, "object_id": "fc756b9e-4cc6-431a-bed9-0451526a6a29", "object_repr": "fc756b9e-4cc6-431a-bed9-0451526a6a29 // (2020-02-15) // AS2001 // First // root", "action_flag": 3, "change_message": ""}}, {"model": "admin.logentry", "pk": 176, "fields": {"action_time": "2021-03-07T11:18:59.704Z", "user": 1, "content_type": 3, "object_id": "ed40f0ef-9dcf-4d2b-abd6-70684cca7cee", "object_repr": "ed40f0ef-9dcf-4d2b-abd6-70684cca7cee // (2021-03-01) // AS2001 // First // root", "action_flag": 3, "change_message": ""}}, {"model": "admin.logentry", "pk": 177, "fields": {"action_time": "2021-03-07T11:19:04.442Z", "user": 1, "content_type": 3, "object_id": "e563417f-d2c8-46de-b3fe-23af1be96768", "object_repr": "e563417f-d2c8-46de-b3fe-23af1be96768 // (2021-02-23) // AS1004 // First // aeil0999", "action_flag": 3, "change_message": ""}}, {"model": "admin.logentry", "pk": 178, "fields": {"action_time": "2021-03-07T11:19:09.121Z", "user": 1, "content_type": 3, "object_id": "cd539a4d-6839-4a72-8986-85a7b631154b", "object_repr": "cd539a4d-6839-4a72-8986-85a7b631154b // (2010-03-07) // AS2001 // Second // root", "action_flag": 3, "change_message": ""}}, {"model": "admin.logentry", "pk": 179, "fields": {"action_time": "2021-03-07T11:19:13.798Z", "user": 1, "content_type": 3, "object_id": "b304ddfc-a7fa-40a6-8e32-e587b9411a81", "object_repr": "b304ddfc-a7fa-40a6-8e32-e587b9411a81 // (2021-03-01) // AS2001 // First // root", "action_flag": 3, "change_message": ""}}, {"model": "admin.logentry", "pk": 180, "fields": {"action_time": "2021-03-07T11:19:28.749Z", "user": 1, "content_type": 3, "object_id": "32a8a374-9cc3-4bee-910a-b6795a064cb5", "object_repr": "32a8a374-9cc3-4bee-910a-b6795a064cb5 // (2019-02-15) // AS1004 // Second // root", "action_flag": 3, "change_message": ""}}, {"model": "admin.logentry", "pk": 181, "fields": {"action_time": "2021-03-08T13:36:25.134Z", "user": 1, "content_type": 23, "object_id": "1", "object_repr": "Run: 1 + 615e23c3-0eb4-47d4-93ec-17723cc71182 // (2021-02-23) // AS2001 // Second // aeil0520 ", "action_flag": 2, "change_message": "[{\"changed\": {\"fields\": [\"Finished goods\", \"Kanban count\"]}}]"}}, {"model": "admin.logentry", "pk": 182, "fields": {"action_time": "2021-03-13T11:15:41.897Z", "user": 1, "content_type": 23, "object_id": "9", "object_repr": "Run: 1 + f38be596-a660-4fdf-9b69-d47bef1820ab // (2021-03-07) // AS1004 // Second // root ", "action_flag": 1, "change_message": "[{\"added\": {}}]"}}, {"model": "admin.logentry", "pk": 183, "fields": {"action_time": "2021-03-13T12:02:13.655Z", "user": 1, "content_type": 4, "object_id": "4", "object_repr": "482827-10420(3)", "action_flag": 2, "change_message": "[{\"changed\": {\"fields\": [\"ToteQuantity\"]}}]"}}, {"model": "admin.logentry", "pk": 184, "fields": {"action_time": "2021-03-13T12:02:19.467Z", "user": 1, "content_type": 4, "object_id": "4", "object_repr": "482827-10420(3)", "action_flag": 2, "change_message": "[]"}}, {"model": "admin.logentry", "pk": 185, "fields": {"action_time": "2021-03-13T12:02:26.642Z", "user": 1, "content_type": 4, "object_id": "5", "object_repr": "482827-10530(3)", "action_flag": 2, "change_message": "[{\"changed\": {\"fields\": [\"ToteQuantity\"]}}]"}}, {"model": "admin.logentry", "pk": 186, "fields": {"action_time": "2021-03-13T12:02:32.574Z", "user": 1, "content_type": 4, "object_id": "1", "object_repr": "482828-10210(3)", "action_flag": 2, "change_message": "[{\"changed\": {\"fields\": [\"ToteQuantity\"]}}]"}}, {"model": "admin.logentry", "pk": 187, "fields": {"action_time": "2021-03-13T12:02:38.904Z", "user": 1, "content_type": 4, "object_id": "6", "object_repr": "482828-10370(5)", "action_flag": 2, "change_message": "[{\"changed\": {\"fields\": [\"ToteQuantity\"]}}]"}}, {"model": "admin.logentry", "pk": 188, "fields": {"action_time": "2021-03-13T12:02:44.407Z", "user": 1, "content_type": 4, "object_id": "2", "object_repr": "482828-10420(6)", "action_flag": 2, "change_message": "[{\"changed\": {\"fields\": [\"ToteQuantity\"]}}]"}}, {"model": "admin.logentry", "pk": 189, "fields": {"action_time": "2021-03-13T12:02:52.227Z", "user": 1, "content_type": 4, "object_id": "3", "object_repr": "374718-10110(3)", "action_flag": 2, "change_message": "[{\"changed\": {\"fields\": [\"ToteQuantity\"]}}]"}}, {"model": "admin.logentry", "pk": 190, "fields": {"action_time": "2021-03-13T12:04:28.632Z", "user": 1, "content_type": 23, "object_id": "9", "object_repr": "Run: 1 + f38be596-a660-4fdf-9b69-d47bef1820ab // (2021-03-07) // AS1004 // Second // root ", "action_flag": 2, "change_message": "[{\"changed\": {\"fields\": [\"Finished goods\", \"Kanban count\"]}}]"}}, {"model": "admin.logentry", "pk": 191, "fields": {"action_time": "2021-03-13T13:34:14.491Z", "user": 1, "content_type": 23, "object_id": "9", "object_repr": "Run: 1 + f38be596-a660-4fdf-9b69-d47bef1820ab // (2021-03-07) // AS1004 // Second // root ", "action_flag": 2, "change_message": "[{\"changed\": {\"fields\": [\"Finish time\"]}}]"}}, {"model": "admin.logentry", "pk": 192, "fields": {"action_time": "2021-03-13T13:34:34.559Z", "user": 1, "content_type": 23, "object_id": "9", "object_repr": "Run: 1 + f38be596-a660-4fdf-9b69-d47bef1820ab // (2021-03-07) // AS1004 // Second // root ", "action_flag": 2, "change_message": "[{\"changed\": {\"fields\": [\"Finish time\"]}}]"}}, {"model": "admin.logentry", "pk": 193, "fields": {"action_time": "2021-03-14T08:37:03.000Z", "user": 1, "content_type": 23, "object_id": "10", "object_repr": "Run: 1 + df113400-769f-4ffd-9206-158ebd3d803c // (2021-03-14) // AS1004 // Second // root ", "action_flag": 2, "change_message": "[{\"changed\": {\"fields\": [\"Number\"]}}]"}}, {"model": "admin.logentry", "pk": 194, "fields": {"action_time": "2021-03-14T08:38:25.760Z", "user": 1, "content_type": 23, "object_id": "10", "object_repr": "Run: 1 + df113400-769f-4ffd-9206-158ebd3d803c // (2021-03-14) // AS1004 // Second // root ", "action_flag": 3, "change_message": ""}}, {"model": "admin.logentry", "pk": 195, "fields": {"action_time": "2021-03-14T08:41:37.800Z", "user": 1, "content_type": 23, "object_id": "11", "object_repr": "Run: 0 + df113400-769f-4ffd-9206-158ebd3d803c // (2021-03-14) // AS1004 // Second // root ", "action_flag": 3, "change_message": ""}}, {"model": "admin.logentry", "pk": 196, "fields": {"action_time": "2021-03-14T08:48:20.324Z", "user": 1, "content_type": 23, "object_id": "12", "object_repr": "Run: 1 + df113400-769f-4ffd-9206-158ebd3d803c // (2021-03-14) // AS1004 // Second // root ", "action_flag": 2, "change_message": "[{\"changed\": {\"fields\": [\"Number\"]}}]"}}, {"model": "admin.logentry", "pk": 197, "fields": {"action_time": "2021-03-14T08:49:34.026Z", "user": 1, "content_type": 23, "object_id": "12", "object_repr": "Run: 1 + df113400-769f-4ffd-9206-158ebd3d803c // (2021-03-14) // AS1004 // Second // root ", "action_flag": 2, "change_message": "[{\"changed\": {\"fields\": [\"Start time\", \"Finish time\"]}}]"}}, {"model": "admin.logentry", "pk": 198, "fields": {"action_time": "2021-03-14T08:52:37.567Z", "user": 1, "content_type": 23, "object_id": "13", "object_repr": "Run: 0 + df113400-769f-4ffd-9206-158ebd3d803c // (2021-03-14) // AS1004 // Second // root ", "action_flag": 3, "change_message": ""}}, {"model": "admin.logentry", "pk": 199, "fields": {"action_time": "2021-03-14T08:52:37.572Z", "user": 1, "content_type": 23, "object_id": "12", "object_repr": "Run: 1 + df113400-769f-4ffd-9206-158ebd3d803c // (2021-03-14) // AS1004 // Second // root ", "action_flag": 3, "change_message": ""}}, {"model": "admin.logentry", "pk": 200, "fields": {"action_time": "2021-03-14T08:54:12.970Z", "user": 1, "content_type": 3, "object_id": "df113400-769f-4ffd-9206-158ebd3d803c", "object_repr": "df113400-769f-4ffd-9206-158ebd3d803c // (2021-03-14) // AS1004 // Second // aeil0520", "action_flag": 2, "change_message": "[{\"changed\": {\"fields\": [\"User\"]}}]"}}, {"model": "admin.logentry", "pk": 201, "fields": {"action_time": "2021-03-15T08:55:50.873Z", "user": 1, "content_type": 23, "object_id": "58", "object_repr": "Run: 110 + 7d0c0375-d2e6-44a1-9106-836f8878f1b7 // (2021-03-16) // AS1004 // Second // root ", "action_flag": 3, "change_message": ""}}, {"model": "admin.logentry", "pk": 202, "fields": {"action_time": "2021-03-15T08:55:50.886Z", "user": 1, "content_type": 23, "object_id": "57", "object_repr": "Run: 9 + 7d0c0375-d2e6-44a1-9106-836f8878f1b7 // (2021-03-16) // AS1004 // Second // root ", "action_flag": 3, "change_message": ""}}, {"model": "admin.logentry", "pk": 203, "fields": {"action_time": "2021-03-15T08:55:50.891Z", "user": 1, "content_type": 23, "object_id": "56", "object_repr": "Run: 8 + 7d0c0375-d2e6-44a1-9106-836f8878f1b7 // (2021-03-16) // AS1004 // Second // root ", "action_flag": 3, "change_message": ""}}, {"model": "admin.logentry", "pk": 204, "fields": {"action_time": "2021-03-15T08:55:50.895Z", "user": 1, "content_type": 23, "object_id": "55", "object_repr": "Run: 20 + 7d0c0375-d2e6-44a1-9106-836f8878f1b7 // (2021-03-16) // AS1004 // Second // root ", "action_flag": 3, "change_message": ""}}, {"model": "admin.logentry", "pk": 205, "fields": {"action_time": "2021-03-15T08:55:50.903Z", "user": 1, "content_type": 23, "object_id": "53", "object_repr": "Run: 7 + 7d0c0375-d2e6-44a1-9106-836f8878f1b7 // (2021-03-16) // AS1004 // Second // root ", "action_flag": 3, "change_message": ""}}, {"model": "admin.logentry", "pk": 206, "fields": {"action_time": "2021-03-15T08:55:50.908Z", "user": 1, "content_type": 23, "object_id": "52", "object_repr": "Run: 6 + 7d0c0375-d2e6-44a1-9106-836f8878f1b7 // (2021-03-16) // AS1004 // Second // root ", "action_flag": 3, "change_message": ""}}, {"model": "admin.logentry", "pk": 207, "fields": {"action_time": "2021-03-15T08:55:50.912Z", "user": 1, "content_type": 23, "object_id": "51", "object_repr": "Run: 5 + 7d0c0375-d2e6-44a1-9106-836f8878f1b7 // (2021-03-16) // AS1004 // Second // root ", "action_flag": 3, "change_message": ""}}, {"model": "admin.logentry", "pk": 208, "fields": {"action_time": "2021-03-15T08:55:50.919Z", "user": 1, "content_type": 23, "object_id": "50", "object_repr": "Run: 4 + 7d0c0375-d2e6-44a1-9106-836f8878f1b7 // (2021-03-16) // AS1004 // Second // root ", "action_flag": 3, "change_message": ""}}, {"model": "admin.logentry", "pk": 209, "fields": {"action_time": "2021-03-15T08:55:50.924Z", "user": 1, "content_type": 23, "object_id": "49", "object_repr": "Run: 1 + f8087b41-4250-4592-b1ac-56c51e004760 // (2021-03-09) // AS2001 // Second // root ", "action_flag": 3, "change_message": ""}}, {"model": "admin.logentry", "pk": 210, "fields": {"action_time": "2021-03-15T08:55:50.928Z", "user": 1, "content_type": 23, "object_id": "48", "object_repr": "Run: 0 + 7d0c0375-d2e6-44a1-9106-836f8878f1b7 // (2021-03-16) // AS1004 // Second // root ", "action_flag": 3, "change_message": ""}}, {"model": "admin.logentry", "pk": 211, "fields": {"action_time": "2021-03-15T08:55:50.935Z", "user": 1, "content_type": 23, "object_id": "47", "object_repr": "Run: 2 + 7d0c0375-d2e6-44a1-9106-836f8878f1b7 // (2021-03-16) // AS1004 // Second // root ", "action_flag": 3, "change_message": ""}}, {"model": "admin.logentry", "pk": 212, "fields": {"action_time": "2021-03-15T08:55:50.941Z", "user": 1, "content_type": 23, "object_id": "43", "object_repr": "Run: 1 + 7d0c0375-d2e6-44a1-9106-836f8878f1b7 // (2021-03-16) // AS1004 // Second // root ", "action_flag": 3, "change_message": ""}}, {"model": "admin.logentry", "pk": 213, "fields": {"action_time": "2021-03-15T08:55:50.947Z", "user": 1, "content_type": 23, "object_id": "36", "object_repr": "Run: 14 + b88acc1c-7ae1-4701-998a-e2263445cc89 // (2021-03-17) // AS1004 // Second // root ", "action_flag": 3, "change_message": ""}}, {"model": "admin.logentry", "pk": 214, "fields": {"action_time": "2021-03-15T08:55:50.951Z", "user": 1, "content_type": 23, "object_id": "35", "object_repr": "Run: 13 + b88acc1c-7ae1-4701-998a-e2263445cc89 // (2021-03-17) // AS1004 // Second // root ", "action_flag": 3, "change_message": ""}}, {"model": "admin.logentry", "pk": 215, "fields": {"action_time": "2021-03-15T08:55:50.956Z", "user": 1, "content_type": 23, "object_id": "34", "object_repr": "Run: 12 + b88acc1c-7ae1-4701-998a-e2263445cc89 // (2021-03-17) // AS1004 // Second // root ", "action_flag": 3, "change_message": ""}}, {"model": "admin.logentry", "pk": 216, "fields": {"action_time": "2021-03-15T08:55:50.962Z", "user": 1, "content_type": 23, "object_id": "33", "object_repr": "Run: 11 + b88acc1c-7ae1-4701-998a-e2263445cc89 // (2021-03-17) // AS1004 // Second // root ", "action_flag": 3, "change_message": ""}}, {"model": "admin.logentry", "pk": 217, "fields": {"action_time": "2021-03-15T08:55:50.967Z", "user": 1, "content_type": 23, "object_id": "32", "object_repr": "Run: 10 + b88acc1c-7ae1-4701-998a-e2263445cc89 // (2021-03-17) // AS1004 // Second // root ", "action_flag": 3, "change_message": ""}}, {"model": "admin.logentry", "pk": 218, "fields": {"action_time": "2021-03-15T08:55:50.972Z", "user": 1, "content_type": 23, "object_id": "31", "object_repr": "Run: 9 + b88acc1c-7ae1-4701-998a-e2263445cc89 // (2021-03-17) // AS1004 // Second // root ", "action_flag": 3, "change_message": ""}}, {"model": "admin.logentry", "pk": 219, "fields": {"action_time": "2021-03-15T08:55:50.978Z", "user": 1, "content_type": 23, "object_id": "30", "object_repr": "Run: 8 + b88acc1c-7ae1-4701-998a-e2263445cc89 // (2021-03-17) // AS1004 // Second // root ", "action_flag": 3, "change_message": ""}}, {"model": "admin.logentry", "pk": 220, "fields": {"action_time": "2021-03-15T08:55:50.984Z", "user": 1, "content_type": 23, "object_id": "29", "object_repr": "Run: 7 + b88acc1c-7ae1-4701-998a-e2263445cc89 // (2021-03-17) // AS1004 // Second // root ", "action_flag": 3, "change_message": ""}}, {"model": "admin.logentry", "pk": 221, "fields": {"action_time": "2021-03-15T08:55:50.988Z", "user": 1, "content_type": 23, "object_id": "28", "object_repr": "Run: 6 + b88acc1c-7ae1-4701-998a-e2263445cc89 // (2021-03-17) // AS1004 // Second // root ", "action_flag": 3, "change_message": ""}}, {"model": "admin.logentry", "pk": 222, "fields": {"action_time": "2021-03-15T08:55:50.994Z", "user": 1, "content_type": 23, "object_id": "27", "object_repr": "Run: 5 + b88acc1c-7ae1-4701-998a-e2263445cc89 // (2021-03-17) // AS1004 // Second // root ", "action_flag": 3, "change_message": ""}}, {"model": "admin.logentry", "pk": 223, "fields": {"action_time": "2021-03-15T08:55:50.999Z", "user": 1, "content_type": 23, "object_id": "26", "object_repr": "Run: 4 + b88acc1c-7ae1-4701-998a-e2263445cc89 // (2021-03-17) // AS1004 // Second // root ", "action_flag": 3, "change_message": ""}}, {"model": "admin.logentry", "pk": 224, "fields": {"action_time": "2021-03-15T08:55:51.032Z", "user": 1, "content_type": 23, "object_id": "21", "object_repr": "Run: 3 + b88acc1c-7ae1-4701-998a-e2263445cc89 // (2021-03-17) // AS1004 // Second // root ", "action_flag": 3, "change_message": ""}}, {"model": "admin.logentry", "pk": 225, "fields": {"action_time": "2021-03-15T08:55:51.036Z", "user": 1, "content_type": 23, "object_id": "20", "object_repr": "Run: 2 + b88acc1c-7ae1-4701-998a-e2263445cc89 // (2021-03-17) // AS1004 // Second // root ", "action_flag": 3, "change_message": ""}}, {"model": "admin.logentry", "pk": 226, "fields": {"action_time": "2021-03-15T08:55:51.042Z", "user": 1, "content_type": 23, "object_id": "19", "object_repr": "Run: 1 + b88acc1c-7ae1-4701-998a-e2263445cc89 // (2021-03-17) // AS1004 // Second // root ", "action_flag": 3, "change_message": ""}}, {"model": "admin.logentry", "pk": 227, "fields": {"action_time": "2021-03-15T08:55:51.047Z", "user": 1, "content_type": 23, "object_id": "15", "object_repr": "Run: 1 + 033ce79a-f6d2-4b2d-bb81-a36cdc2a1d3b // (2021-03-15) // AS1004 // Third // root ", "action_flag": 3, "change_message": ""}}, {"model": "admin.logentry", "pk": 228, "fields": {"action_time": "2021-03-15T08:55:51.052Z", "user": 1, "content_type": 23, "object_id": "14", "object_repr": "Run: 1 + df113400-769f-4ffd-9206-158ebd3d803c // (2021-03-14) // AS1004 // Second // aeil0520 ", "action_flag": 3, "change_message": ""}}, {"model": "admin.logentry", "pk": 229, "fields": {"action_time": "2021-03-15T08:55:51.058Z", "user": 1, "content_type": 23, "object_id": "9", "object_repr": "Run: 1 + f38be596-a660-4fdf-9b69-d47bef1820ab // (2021-03-07) // AS1004 // Second // root ", "action_flag": 3, "change_message": ""}}, {"model": "admin.logentry", "pk": 230, "fields": {"action_time": "2021-03-15T08:55:51.063Z", "user": 1, "content_type": 23, "object_id": "8", "object_repr": "Run: 4 + 615e23c3-0eb4-47d4-93ec-17723cc71182 // (2021-02-23) // AS2001 // Second // aeil0520 ", "action_flag": 3, "change_message": ""}}, {"model": "admin.logentry", "pk": 231, "fields": {"action_time": "2021-03-15T08:55:51.068Z", "user": 1, "content_type": 23, "object_id": "7", "object_repr": "Run: 3 + 615e23c3-0eb4-47d4-93ec-17723cc71182 // (2021-02-23) // AS2001 // Second // aeil0520 ", "action_flag": 3, "change_message": ""}}, {"model": "admin.logentry", "pk": 232, "fields": {"action_time": "2021-03-15T08:55:51.073Z", "user": 1, "content_type": 23, "object_id": "6", "object_repr": "Run: 3 + 30e73d51-e2d3-4538-95be-f8f1d935b5ee // (2021-02-23) // AS2001 // First // root ", "action_flag": 3, "change_message": ""}}, {"model": "admin.logentry", "pk": 233, "fields": {"action_time": "2021-03-15T08:55:51.078Z", "user": 1, "content_type": 23, "object_id": "5", "object_repr": "Run: 2 + 30e73d51-e2d3-4538-95be-f8f1d935b5ee // (2021-02-23) // AS2001 // First // root ", "action_flag": 3, "change_message": ""}}, {"model": "admin.logentry", "pk": 234, "fields": {"action_time": "2021-03-15T08:55:51.082Z", "user": 1, "content_type": 23, "object_id": "4", "object_repr": "Run: 1 + 30e73d51-e2d3-4538-95be-f8f1d935b5ee // (2021-02-23) // AS2001 // First // root ", "action_flag": 3, "change_message": ""}}, {"model": "admin.logentry", "pk": 235, "fields": {"action_time": "2021-03-15T08:55:51.086Z", "user": 1, "content_type": 23, "object_id": "2", "object_repr": "Run: 2 + 615e23c3-0eb4-47d4-93ec-17723cc71182 // (2021-02-23) // AS2001 // Second // aeil0520 ", "action_flag": 3, "change_message": ""}}, {"model": "admin.logentry", "pk": 236, "fields": {"action_time": "2021-03-15T08:55:51.091Z", "user": 1, "content_type": 23, "object_id": "1", "object_repr": "Run: 1 + 615e23c3-0eb4-47d4-93ec-17723cc71182 // (2021-02-23) // AS2001 // Second // aeil0520 ", "action_flag": 3, "change_message": ""}}, {"model": "admin.logentry", "pk": 237, "fields": {"action_time": "2021-03-15T08:58:10.728Z", "user": 1, "content_type": 3, "object_id": "f8087b41-4250-4592-b1ac-56c51e004760", "object_repr": "f8087b41-4250-4592-b1ac-56c51e004760 // (2021-03-09) // AS1004 // Second // root", "action_flag": 2, "change_message": "[{\"changed\": {\"fields\": [\"Assembly line number\"]}}]"}}, {"model": "admin.logentry", "pk": 238, "fields": {"action_time": "2021-03-15T08:58:22.428Z", "user": 1, "content_type": 3, "object_id": "96cafc38-061e-4a30-94cc-d4713873b39f", "object_repr": "96cafc38-061e-4a30-94cc-d4713873b39f // (2021-03-07) // AS1004 // Second // root", "action_flag": 2, "change_message": "[{\"changed\": {\"fields\": [\"Assembly line number\"]}}]"}}, {"model": "admin.logentry", "pk": 239, "fields": {"action_time": "2021-03-15T08:58:29.654Z", "user": 1, "content_type": 3, "object_id": "87ceb3a6-2622-4488-b17a-1cee11329fe5", "object_repr": "87ceb3a6-2622-4488-b17a-1cee11329fe5 // (2010-03-06) // AS1004 // First // root", "action_flag": 2, "change_message": "[{\"changed\": {\"fields\": [\"Assembly line number\"]}}]"}}, {"model": "admin.logentry", "pk": 240, "fields": {"action_time": "2021-03-15T08:58:36.061Z", "user": 1, "content_type": 3, "object_id": "615e23c3-0eb4-47d4-93ec-17723cc71182", "object_repr": "615e23c3-0eb4-47d4-93ec-17723cc71182 // (2021-02-23) // AS1004 // Second // aeil0520", "action_flag": 2, "change_message": "[{\"changed\": {\"fields\": [\"Assembly line number\"]}}]"}}, {"model": "admin.logentry", "pk": 241, "fields": {"action_time": "2021-03-15T08:58:42.589Z", "user": 1, "content_type": 3, "object_id": "5f9e9972-76ed-4669-9663-d9653b1c52b7", "object_repr": "5f9e9972-76ed-4669-9663-d9653b1c52b7 // (2021-03-05) // AS1004 // Second // root", "action_flag": 2, "change_message": "[{\"changed\": {\"fields\": [\"Assembly line number\"]}}]"}}, {"model": "admin.logentry", "pk": 242, "fields": {"action_time": "2021-03-15T08:58:54.072Z", "user": 1, "content_type": 3, "object_id": "30e73d51-e2d3-4538-95be-f8f1d935b5ee", "object_repr": "30e73d51-e2d3-4538-95be-f8f1d935b5ee // (2021-02-23) // AS1004 // Second // root", "action_flag": 2, "change_message": "[{\"changed\": {\"fields\": [\"Assembly line number\", \"Shift\"]}}]"}}, {"model": "admin.logentry", "pk": 243, "fields": {"action_time": "2021-03-15T08:59:07.550Z", "user": 1, "content_type": 3, "object_id": "a5d9e653-bdd3-43fb-a2ac-a3f7adefd172", "object_repr": "a5d9e653-bdd3-43fb-a2ac-a3f7adefd172 // (2021-03-15) // AS1004 // Second // aeil0520", "action_flag": 2, "change_message": "[{\"changed\": {\"fields\": [\"Shift\", \"User\"]}}]"}}, {"model": "admin.logentry", "pk": 244, "fields": {"action_time": "2021-03-15T08:59:23.125Z", "user": 1, "content_type": 3, "object_id": "f8087b41-4250-4592-b1ac-56c51e004760", "object_repr": "f8087b41-4250-4592-b1ac-56c51e004760 // (2021-03-09) // AS1004 // Second // aeil0520", "action_flag": 2, "change_message": "[{\"changed\": {\"fields\": [\"User\"]}}]"}}, {"model": "admin.logentry", "pk": 245, "fields": {"action_time": "2021-03-15T08:59:28.469Z", "user": 1, "content_type": 3, "object_id": "f38be596-a660-4fdf-9b69-d47bef1820ab", "object_repr": "f38be596-a660-4fdf-9b69-d47bef1820ab // (2021-03-07) // AS1004 // Second // aeil0520", "action_flag": 2, "change_message": "[{\"changed\": {\"fields\": [\"User\"]}}]"}}, {"model": "admin.logentry", "pk": 246, "fields": {"action_time": "2021-03-15T08:59:47.673Z", "user": 1, "content_type": 3, "object_id": "15b8416f-8d1d-430e-982d-818613e4e517", "object_repr": "15b8416f-8d1d-430e-982d-818613e4e517 // (2021-03-02) // AS1004 // Second // aeil0520", "action_flag": 2, "change_message": "[{\"changed\": {\"fields\": [\"Assembly line number\", \"User\"]}}]"}}, {"model": "admin.logentry", "pk": 247, "fields": {"action_time": "2021-03-15T09:00:02.322Z", "user": 1, "content_type": 3, "object_id": "615e23c3-0eb4-47d4-93ec-17723cc71182", "object_repr": "615e23c3-0eb4-47d4-93ec-17723cc71182 // (2021-03-23) // AS1004 // Second // aeil0520", "action_flag": 2, "change_message": "[{\"changed\": {\"fields\": [\"Production actual date\"]}}]"}}, {"model": "admin.logentry", "pk": 248, "fields": {"action_time": "2021-03-15T09:00:21.128Z", "user": 1, "content_type": 3, "object_id": "30e73d51-e2d3-4538-95be-f8f1d935b5ee", "object_repr": "30e73d51-e2d3-4538-95be-f8f1d935b5ee // (2021-03-23) // AS1004 // Second // root", "action_flag": 2, "change_message": "[{\"changed\": {\"fields\": [\"Production actual date\"]}}]"}}, {"model": "admin.logentry", "pk": 249, "fields": {"action_time": "2021-03-15T09:00:38.304Z", "user": 1, "content_type": 3, "object_id": "615e23c3-0eb4-47d4-93ec-17723cc71182", "object_repr": "615e23c3-0eb4-47d4-93ec-17723cc71182 // (2021-03-24) // AS1004 // Second // aeil0520", "action_flag": 2, "change_message": "[{\"changed\": {\"fields\": [\"Production actual date\"]}}]"}}, {"model": "admin.logentry", "pk": 250, "fields": {"action_time": "2021-03-15T09:01:23.284Z", "user": 1, "content_type": 3, "object_id": "87ceb3a6-2622-4488-b17a-1cee11329fe5", "object_repr": "87ceb3a6-2622-4488-b17a-1cee11329fe5 // (2010-03-06) // AS1004 // Second // root", "action_flag": 2, "change_message": "[{\"changed\": {\"fields\": [\"Shift\"]}}]"}}, {"model": "admin.logentry", "pk": 251, "fields": {"action_time": "2021-03-15T09:01:30.179Z", "user": 1, "content_type": 3, "object_id": "033ce79a-f6d2-4b2d-bb81-a36cdc2a1d3b", "object_repr": "033ce79a-f6d2-4b2d-bb81-a36cdc2a1d3b // (2021-03-15) // AS1004 // Second // root", "action_flag": 2, "change_message": "[{\"changed\": {\"fields\": [\"Shift\"]}}]"}}, {"model": "admin.logentry", "pk": 252, "fields": {"action_time": "2021-03-15T09:01:36.854Z", "user": 1, "content_type": 3, "object_id": "b88acc1c-7ae1-4701-998a-e2263445cc89", "object_repr": "b88acc1c-7ae1-4701-998a-e2263445cc89 // (2021-03-17) // AS1004 // Second // aeil0520", "action_flag": 2, "change_message": "[{\"changed\": {\"fields\": [\"User\"]}}]"}}, {"model": "admin.logentry", "pk": 253, "fields": {"action_time": "2021-03-15T09:01:42.275Z", "user": 1, "content_type": 3, "object_id": "96cafc38-061e-4a30-94cc-d4713873b39f", "object_repr": "96cafc38-061e-4a30-94cc-d4713873b39f // (2021-03-07) // AS1004 // Second // aeil0520", "action_flag": 2, "change_message": "[{\"changed\": {\"fields\": [\"User\"]}}]"}}, {"model": "admin.logentry", "pk": 254, "fields": {"action_time": "2021-03-15T09:01:46.993Z", "user": 1, "content_type": 3, "object_id": "87ceb3a6-2622-4488-b17a-1cee11329fe5", "object_repr": "87ceb3a6-2622-4488-b17a-1cee11329fe5 // (2010-03-06) // AS1004 // Second // aeil0520", "action_flag": 2, "change_message": "[{\"changed\": {\"fields\": [\"User\"]}}]"}}, {"model": "admin.logentry", "pk": 255, "fields": {"action_time": "2021-03-15T09:01:52.720Z", "user": 1, "content_type": 3, "object_id": "7d0c0375-d2e6-44a1-9106-836f8878f1b7", "object_repr": "7d0c0375-d2e6-44a1-9106-836f8878f1b7 // (2021-03-16) // AS1004 // Second // aeil0520", "action_flag": 2, "change_message": "[{\"changed\": {\"fields\": [\"User\"]}}]"}}, {"model": "admin.logentry", "pk": 256, "fields": {"action_time": "2021-03-15T09:01:57.622Z", "user": 1, "content_type": 3, "object_id": "5f9e9972-76ed-4669-9663-d9653b1c52b7", "object_repr": "5f9e9972-76ed-4669-9663-d9653b1c52b7 // (2021-03-05) // AS1004 // Second // aeil0520", "action_flag": 2, "change_message": "[{\"changed\": {\"fields\": [\"User\"]}}]"}}, {"model": "admin.logentry", "pk": 257, "fields": {"action_time": "2021-03-15T09:02:02.256Z", "user": 1, "content_type": 3, "object_id": "330926ea-5da2-4258-a4ce-7b480c10310b", "object_repr": "330926ea-5da2-4258-a4ce-7b480c10310b // (2021-03-08) // AS1004 // Second // aeil0520", "action_flag": 2, "change_message": "[{\"changed\": {\"fields\": [\"User\"]}}]"}}, {"model": "admin.logentry", "pk": 258, "fields": {"action_time": "2021-03-15T09:02:06.500Z", "user": 1, "content_type": 3, "object_id": "30e73d51-e2d3-4538-95be-f8f1d935b5ee", "object_repr": "30e73d51-e2d3-4538-95be-f8f1d935b5ee // (2021-03-23) // AS1004 // Second // aeil0520", "action_flag": 2, "change_message": "[{\"changed\": {\"fields\": [\"User\"]}}]"}}, {"model": "admin.logentry", "pk": 259, "fields": {"action_time": "2021-03-15T09:02:11.437Z", "user": 1, "content_type": 3, "object_id": "19b68090-c5a1-434c-a86a-39fb8bcc8ce4", "object_repr": "19b68090-c5a1-434c-a86a-39fb8bcc8ce4 // (2021-03-03) // AS2001 // Second // aeil0520", "action_flag": 2, "change_message": "[{\"changed\": {\"fields\": [\"User\"]}}]"}}, {"model": "admin.logentry", "pk": 260, "fields": {"action_time": "2021-03-15T09:02:16.831Z", "user": 1, "content_type": 3, "object_id": "033ce79a-f6d2-4b2d-bb81-a36cdc2a1d3b", "object_repr": "033ce79a-f6d2-4b2d-bb81-a36cdc2a1d3b // (2021-03-15) // AS1004 // Second // aeil0520", "action_flag": 2, "change_message": "[{\"changed\": {\"fields\": [\"User\"]}}]"}}, {"model": "admin.logentry", "pk": 261, "fields": {"action_time": "2021-03-15T10:50:30.944Z", "user": 1, "content_type": 23, "object_id": "62", "object_repr": "Run: 1 + df113400-769f-4ffd-9206-158ebd3d803c // (2021-03-14) // AS1004 // Second // aeil0520 ", "action_flag": 2, "change_message": "[{\"changed\": {\"fields\": [\"Start time\"]}}]"}}, {"model": "admin.logentry", "pk": 262, "fields": {"action_time": "2021-03-15T10:52:48.134Z", "user": 1, "content_type": 23, "object_id": "64", "object_repr": "Run: 3 + df113400-769f-4ffd-9206-158ebd3d803c // (2021-03-14) // AS1004 // Second // aeil0520 ", "action_flag": 3, "change_message": ""}}, {"model": "admin.logentry", "pk": 263, "fields": {"action_time": "2021-03-15T10:52:48.140Z", "user": 1, "content_type": 23, "object_id": "63", "object_repr": "Run: 2 + df113400-769f-4ffd-9206-158ebd3d803c // (2021-03-14) // AS1004 // Second // aeil0520 ", "action_flag": 3, "change_message": ""}}, {"model": "admin.logentry", "pk": 264, "fields": {"action_time": "2021-03-15T10:52:48.145Z", "user": 1, "content_type": 23, "object_id": "62", "object_repr": "Run: 1 + df113400-769f-4ffd-9206-158ebd3d803c // (2021-03-14) // AS1004 // Second // aeil0520 ", "action_flag": 3, "change_message": ""}}, {"model": "admin.logentry", "pk": 265, "fields": {"action_time": "2021-03-17T09:54:02.078Z", "user": 1, "content_type": 23, "object_id": "65", "object_repr": "Run: 1 + f8087b41-4250-4592-b1ac-56c51e004760 // (2021-03-09) // AS1004 // Second // aeil0520 ", "action_flag": 2, "change_message": "[{\"changed\": {\"fields\": [\"ProductionActual\"]}}]"}}, {"model": "admin.logentry", "pk": 266, "fields": {"action_time": "2021-03-17T09:54:16.338Z", "user": 1, "content_type": 23, "object_id": "66", "object_repr": "Run: 2 + f8087b41-4250-4592-b1ac-56c51e004760 // (2021-03-09) // AS1004 // Second // aeil0520 ", "action_flag": 2, "change_message": "[{\"changed\": {\"fields\": [\"ProductionActual\"]}}]"}}, {"model": "admin.logentry", "pk": 267, "fields": {"action_time": "2021-03-17T11:00:24.165Z", "user": 1, "content_type": 23, "object_id": "65", "object_repr": "Run: 1 + f8087b41-4250-4592-b1ac-56c51e004760 // (2021-03-09) // AS1004 // Second // aeil0520 ", "action_flag": 2, "change_message": "[{\"changed\": {\"fields\": [\"Finish time\"]}}]"}}, {"model": "admin.logentry", "pk": 268, "fields": {"action_time": "2021-03-17T11:01:26.161Z", "user": 1, "content_type": 23, "object_id": "66", "object_repr": "Run: 2 + f8087b41-4250-4592-b1ac-56c51e004760 // (2021-03-09) // AS1004 // Second // aeil0520 ", "action_flag": 2, "change_message": "[{\"changed\": {\"fields\": [\"Finish time\"]}}]"}}, {"model": "admin.logentry", "pk": 269, "fields": {"action_time": "2021-03-17T11:11:37.343Z", "user": 1, "content_type": 23, "object_id": "66", "object_repr": "Run: 2 + f8087b41-4250-4592-b1ac-56c51e004760 // (2021-03-09) // AS1004 // Second // aeil0520 ", "action_flag": 2, "change_message": "[]"}}, {"model": "admin.logentry", "pk": 270, "fields": {"action_time": "2021-03-17T11:55:03.697Z", "user": 1, "content_type": 23, "object_id": "67", "object_repr": "Run: 4 + f8087b41-4250-4592-b1ac-56c51e004760 // (2021-03-09) // AS1004 // Second // aeil0520 ", "action_flag": 2, "change_message": "[{\"changed\": {\"fields\": [\"Number\"]}}]"}}, {"model": "admin.logentry", "pk": 271, "fields": {"action_time": "2021-03-17T12:02:24.197Z", "user": 1, "content_type": 23, "object_id": "68", "object_repr": "Run: 1 + b88acc1c-7ae1-4701-998a-e2263445cc89 // (2021-03-17) // AS1004 // Second // aeil0520 ", "action_flag": 2, "change_message": "[{\"changed\": {\"fields\": [\"Start time\", \"Finish time\"]}}]"}}, {"model": "admin.logentry", "pk": 272, "fields": {"action_time": "2021-03-17T12:02:46.246Z", "user": 1, "content_type": 23, "object_id": "68", "object_repr": "Run: 20 + b88acc1c-7ae1-4701-998a-e2263445cc89 // (2021-03-17) // AS1004 // Second // aeil0520 ", "action_flag": 2, "change_message": "[{\"changed\": {\"fields\": [\"Number\"]}}]"}}, {"model": "admin.logentry", "pk": 273, "fields": {"action_time": "2021-03-17T12:04:43.610Z", "user": 1, "content_type": 23, "object_id": "68", "object_repr": "Run: 2 + b88acc1c-7ae1-4701-998a-e2263445cc89 // (2021-03-17) // AS1004 // Second // aeil0520 ", "action_flag": 2, "change_message": "[{\"changed\": {\"fields\": [\"Number\", \"Partal start\", \"Partal end\", \"Finished goods\", \"Kanban count\", \"Finish time\", \"Plan down time\"]}}]"}}, {"model": "admin.logentry", "pk": 274, "fields": {"action_time": "2021-03-17T12:05:37.578Z", "user": 1, "content_type": 23, "object_id": "68", "object_repr": "Run: 2 + b88acc1c-7ae1-4701-998a-e2263445cc89 // (2021-03-17) // AS1004 // Second // aeil0520 ", "action_flag": 2, "change_message": "[{\"changed\": {\"fields\": [\"Start time\", \"Finish time\"]}}]"}}, {"model": "admin.logentry", "pk": 275, "fields": {"action_time": "2021-03-17T12:09:23.660Z", "user": 1, "content_type": 23, "object_id": "68", "object_repr": "Run: 1 + b88acc1c-7ae1-4701-998a-e2263445cc89 // (2021-03-17) // AS1004 // Second // aeil0520 ", "action_flag": 2, "change_message": "[{\"changed\": {\"fields\": [\"Number\"]}}]"}}, {"model": "admin.logentry", "pk": 276, "fields": {"action_time": "2021-03-20T11:01:31.542Z", "user": 1, "content_type": 23, "object_id": "74", "object_repr": "Run: 5 + 06abf7f5-ff7b-4fcf-8915-ce710316b506 // (2021-03-20) // AS2001 // Second // root ", "action_flag": 3, "change_message": ""}}, {"model": "admin.logentry", "pk": 277, "fields": {"action_time": "2021-03-20T11:01:31.548Z", "user": 1, "content_type": 23, "object_id": "73", "object_repr": "Run: 4 + 06abf7f5-ff7b-4fcf-8915-ce710316b506 // (2021-03-20) // AS2001 // Second // root ", "action_flag": 3, "change_message": ""}}, {"model": "admin.logentry", "pk": 278, "fields": {"action_time": "2021-03-20T11:01:31.552Z", "user": 1, "content_type": 23, "object_id": "72", "object_repr": "Run: 3 + 06abf7f5-ff7b-4fcf-8915-ce710316b506 // (2021-03-20) // AS2001 // Second // root ", "action_flag": 3, "change_message": ""}}, {"model": "admin.logentry", "pk": 279, "fields": {"action_time": "2021-03-20T11:01:31.557Z", "user": 1, "content_type": 23, "object_id": "71", "object_repr": "Run: 2 + 06abf7f5-ff7b-4fcf-8915-ce710316b506 // (2021-03-20) // AS2001 // Second // root ", "action_flag": 3, "change_message": ""}}, {"model": "admin.logentry", "pk": 280, "fields": {"action_time": "2021-03-22T07:48:22.896Z", "user": 1, "content_type": 21, "object_id": "1", "object_repr": "DowntimeInstance object (1)", "action_flag": 1, "change_message": "[{\"added\": {}}]"}}, {"model": "admin.logentry", "pk": 281, "fields": {"action_time": "2021-03-22T07:48:53.855Z", "user": 1, "content_type": 21, "object_id": "2", "object_repr": "DowntimeInstance object (2)", "action_flag": 1, "change_message": "[{\"added\": {}}]"}}, {"model": "admin.logentry", "pk": 282, "fields": {"action_time": "2021-03-22T07:49:16.874Z", "user": 1, "content_type": 7, "object_id": "1", "object_repr": "F233", "action_flag": 2, "change_message": "[{\"changed\": {\"fields\": [\"Default recovery time\"]}}]"}}, {"model": "admin.logentry", "pk": 283, "fields": {"action_time": "2021-03-22T07:49:45.596Z", "user": 1, "content_type": 21, "object_id": "3", "object_repr": "DowntimeInstance object (3)", "action_flag": 1, "change_message": "[{\"added\": {}}]"}}, {"model": "admin.logentry", "pk": 284, "fields": {"action_time": "2021-03-24T09:33:20.841Z", "user": 1, "content_type": 21, "object_id": "1", "object_repr": "DowntimeInstance object (1)", "action_flag": 2, "change_message": "[]"}}, {"model": "admin.logentry", "pk": 285, "fields": {"action_time": "2021-03-24T09:33:25.504Z", "user": 1, "content_type": 21, "object_id": "2", "object_repr": "DowntimeInstance object (2)", "action_flag": 2, "change_message": "[{\"changed\": {\"fields\": [\"Number\"]}}]"}}, {"model": "admin.logentry", "pk": 286, "fields": {"action_time": "2021-03-24T09:33:31.502Z", "user": 1, "content_type": 21, "object_id": "3", "object_repr": "DowntimeInstance object (3)", "action_flag": 2, "change_message": "[{\"changed\": {\"fields\": [\"Number\"]}}]"}}, {"model": "admin.logentry", "pk": 287, "fields": {"action_time": "2021-03-24T09:50:00.990Z", "user": 1, "content_type": 21, "object_id": "1", "object_repr": "DowntimeInstance object (1)", "action_flag": 2, "change_message": "[]"}}, {"model": "admin.logentry", "pk": 288, "fields": {"action_time": "2021-03-24T09:50:14.299Z", "user": 1, "content_type": 21, "object_id": "2", "object_repr": "DowntimeInstance object (2)", "action_flag": 2, "change_message": "[{\"changed\": {\"fields\": [\"Production run\"]}}]"}}, {"model": "admin.logentry", "pk": 289, "fields": {"action_time": "2021-03-24T09:50:25.183Z", "user": 1, "content_type": 21, "object_id": "3", "object_repr": "DowntimeInstance object (3)", "action_flag": 2, "change_message": "[{\"changed\": {\"fields\": [\"Production run\"]}}]"}}, {"model": "admin.logentry", "pk": 290, "fields": {"action_time": "2021-03-24T09:56:57.634Z", "user": 1, "content_type": 21, "object_id": "1", "object_repr": "DowntimeInstance object (1)", "action_flag": 2, "change_message": "[]"}}, {"model": "admin.logentry", "pk": 291, "fields": {"action_time": "2021-03-24T09:57:06.905Z", "user": 1, "content_type": 21, "object_id": "2", "object_repr": "DowntimeInstance object (2)", "action_flag": 2, "change_message": "[]"}}, {"model": "admin.logentry", "pk": 292, "fields": {"action_time": "2021-03-24T09:57:20.517Z", "user": 1, "content_type": 21, "object_id": "3", "object_repr": "DowntimeInstance object (3)", "action_flag": 2, "change_message": "[{\"changed\": {\"fields\": [\"Down time\", \"Up time\"]}}]"}}, {"model": "admin.logentry", "pk": 293, "fields": {"action_time": "2021-03-24T09:57:27.753Z", "user": 1, "content_type": 21, "object_id": "2", "object_repr": "DowntimeInstance object (2)", "action_flag": 2, "change_message": "[{\"changed\": {\"fields\": [\"Down time\", \"Up time\"]}}]"}}, {"model": "admin.logentry", "pk": 294, "fields": {"action_time": "2021-03-24T19:25:38.540Z", "user": 1, "content_type": 21, "object_id": "2", "object_repr": "DowntimeInstance object (2)", "action_flag": 2, "change_message": "[{\"changed\": {\"fields\": [\"Down time\", \"Up time\"]}}]"}}, {"model": "admin.logentry", "pk": 295, "fields": {"action_time": "2021-03-24T20:04:25.803Z", "user": 1, "content_type": 21, "object_id": "1", "object_repr": "DowntimeInstance object (1)", "action_flag": 2, "change_message": "[]"}}, {"model": "admin.logentry", "pk": 296, "fields": {"action_time": "2021-03-25T21:40:57.023Z", "user": 1, "content_type": 17, "object_id": "5", "object_repr": "AEIL1234", "action_flag": 2, "change_message": "[{\"changed\": {\"fields\": [\"Staff status\"]}}]"}}, {"model": "admin.logentry", "pk": 297, "fields": {"action_time": "2021-03-25T21:41:23.111Z", "user": 1, "content_type": 17, "object_id": "2", "object_repr": "aeil0520", "action_flag": 2, "change_message": "[{\"changed\": {\"fields\": [\"Staff status\", \"Superuser status\"]}}]"}}, {"model": "admin.logentry", "pk": 298, "fields": {"action_time": "2021-03-27T04:56:12.970Z", "user": 2, "content_type": 5, "object_id": "1", "object_repr": "FPS", "action_flag": 2, "change_message": "[]"}}, {"model": "admin.logentry", "pk": 299, "fields": {"action_time": "2021-03-27T04:56:39.334Z", "user": 2, "content_type": 5, "object_id": "3", "object_repr": "SS", "action_flag": 1, "change_message": "[{\"added\": {}}]"}}, {"model": "admin.logentry", "pk": 300, "fields": {"action_time": "2021-03-27T06:38:13.641Z", "user": 2, "content_type": 7, "object_id": "1", "object_repr": "F233", "action_flag": 2, "change_message": "[]"}}, {"model": "admin.logentry", "pk": 301, "fields": {"action_time": "2021-03-27T06:39:19.772Z", "user": 2, "content_type": 7, "object_id": "3", "object_repr": "U0001", "action_flag": 1, "change_message": "[{\"added\": {}}]"}}, {"model": "admin.logentry", "pk": 302, "fields": {"action_time": "2021-03-27T06:39:48.941Z", "user": 2, "content_type": 7, "object_id": "4", "object_repr": "P0002", "action_flag": 1, "change_message": "[{\"added\": {}}]"}}, {"model": "admin.logentry", "pk": 303, "fields": {"action_time": "2021-03-27T06:40:45.623Z", "user": 2, "content_type": 7, "object_id": "5", "object_repr": "U0002", "action_flag": 1, "change_message": "[{\"added\": {}}]"}}, {"model": "admin.logentry", "pk": 304, "fields": {"action_time": "2021-03-27T06:41:32.146Z", "user": 2, "content_type": 7, "object_id": "6", "object_repr": "u0003", "action_flag": 1, "change_message": "[{\"added\": {}}]"}}, {"model": "admin.logentry", "pk": 305, "fields": {"action_time": "2021-03-27T06:43:26.290Z", "user": 2, "content_type": 7, "object_id": "1", "object_repr": "U5233", "action_flag": 2, "change_message": "[{\"changed\": {\"fields\": [\"Downtime code\", \"Downtime description\"]}}]"}}, {"model": "admin.logentry", "pk": 306, "fields": {"action_time": "2021-03-27T06:44:09.973Z", "user": 2, "content_type": 7, "object_id": "6", "object_repr": "U5232", "action_flag": 2, "change_message": "[{\"changed\": {\"fields\": [\"Downtime code\"]}}]"}}, {"model": "auth.permission", "pk": 1, "fields": {"name": "Can add assembly line", "content_type": 1, "codename": "add_assemblyline"}}, {"model": "auth.permission", "pk": 2, "fields": {"name": "Can change assembly line", "content_type": 1, "codename": "change_assemblyline"}}, {"model": "auth.permission", "pk": 3, "fields": {"name": "Can delete assembly line", "content_type": 1, "codename": "delete_assemblyline"}}, {"model": "auth.permission", "pk": 4, "fields": {"name": "Can view assembly line", "content_type": 1, "codename": "view_assemblyline"}}, {"model": "auth.permission", "pk": 5, "fields": {"name": "Can add department", "content_type": 2, "codename": "add_department"}}, {"model": "auth.permission", "pk": 6, "fields": {"name": "Can change department", "content_type": 2, "codename": "change_department"}}, {"model": "auth.permission", "pk": 7, "fields": {"name": "Can delete department", "content_type": 2, "codename": "delete_department"}}, {"model": "auth.permission", "pk": 8, "fields": {"name": "Can view department", "content_type": 2, "codename": "view_department"}}, {"model": "auth.permission", "pk": 9, "fields": {"name": "Can add production actual", "content_type": 3, "codename": "add_productionactual"}}, {"model": "auth.permission", "pk": 10, "fields": {"name": "Can change production actual", "content_type": 3, "codename": "change_productionactual"}}, {"model": "auth.permission", "pk": 11, "fields": {"name": "Can delete production actual", "content_type": 3, "codename": "delete_productionactual"}}, {"model": "auth.permission", "pk": 12, "fields": {"name": "Can view production actual", "content_type": 3, "codename": "view_productionactual"}}, {"model": "auth.permission", "pk": 13, "fields": {"name": "Can add product", "content_type": 4, "codename": "add_product"}}, {"model": "auth.permission", "pk": 14, "fields": {"name": "Can change product", "content_type": 4, "codename": "change_product"}}, {"model": "auth.permission", "pk": 15, "fields": {"name": "Can delete product", "content_type": 4, "codename": "delete_product"}}, {"model": "auth.permission", "pk": 16, "fields": {"name": "Can view product", "content_type": 4, "codename": "view_product"}}, {"model": "auth.permission", "pk": 17, "fields": {"name": "Can add machine", "content_type": 5, "codename": "add_machine"}}, {"model": "auth.permission", "pk": 18, "fields": {"name": "Can change machine", "content_type": 5, "codename": "change_machine"}}, {"model": "auth.permission", "pk": 19, "fields": {"name": "Can delete machine", "content_type": 5, "codename": "delete_machine"}}, {"model": "auth.permission", "pk": 20, "fields": {"name": "Can view machine", "content_type": 5, "codename": "view_machine"}}, {"model": "auth.permission", "pk": 21, "fields": {"name": "Can add hourly", "content_type": 6, "codename": "add_hourly"}}, {"model": "auth.permission", "pk": 22, "fields": {"name": "Can change hourly", "content_type": 6, "codename": "change_hourly"}}, {"model": "auth.permission", "pk": 23, "fields": {"name": "Can delete hourly", "content_type": 6, "codename": "delete_hourly"}}, {"model": "auth.permission", "pk": 24, "fields": {"name": "Can view hourly", "content_type": 6, "codename": "view_hourly"}}, {"model": "auth.permission", "pk": 25, "fields": {"name": "Can add downtime", "content_type": 7, "codename": "add_downtime"}}, {"model": "auth.permission", "pk": 26, "fields": {"name": "Can change downtime", "content_type": 7, "codename": "change_downtime"}}, {"model": "auth.permission", "pk": 27, "fields": {"name": "Can delete downtime", "content_type": 7, "codename": "delete_downtime"}}, {"model": "auth.permission", "pk": 28, "fields": {"name": "Can view downtime", "content_type": 7, "codename": "view_downtime"}}, {"model": "auth.permission", "pk": 29, "fields": {"name": "Can add defect", "content_type": 8, "codename": "add_defect"}}, {"model": "auth.permission", "pk": 30, "fields": {"name": "Can change defect", "content_type": 8, "codename": "change_defect"}}, {"model": "auth.permission", "pk": 31, "fields": {"name": "Can delete defect", "content_type": 8, "codename": "delete_defect"}}, {"model": "auth.permission", "pk": 32, "fields": {"name": "Can view defect", "content_type": 8, "codename": "view_defect"}}, {"model": "auth.permission", "pk": 33, "fields": {"name": "Can add author", "content_type": 9, "codename": "add_author"}}, {"model": "auth.permission", "pk": 34, "fields": {"name": "Can change author", "content_type": 9, "codename": "change_author"}}, {"model": "auth.permission", "pk": 35, "fields": {"name": "Can delete author", "content_type": 9, "codename": "delete_author"}}, {"model": "auth.permission", "pk": 36, "fields": {"name": "Can view author", "content_type": 9, "codename": "view_author"}}, {"model": "auth.permission", "pk": 37, "fields": {"name": "Can add book", "content_type": 10, "codename": "add_book"}}, {"model": "auth.permission", "pk": 38, "fields": {"name": "Can change book", "content_type": 10, "codename": "change_book"}}, {"model": "auth.permission", "pk": 39, "fields": {"name": "Can delete book", "content_type": 10, "codename": "delete_book"}}, {"model": "auth.permission", "pk": 40, "fields": {"name": "Can view book", "content_type": 10, "codename": "view_book"}}, {"model": "auth.permission", "pk": 41, "fields": {"name": "Can add book instance", "content_type": 11, "codename": "add_bookinstance"}}, {"model": "auth.permission", "pk": 42, "fields": {"name": "Can change book instance", "content_type": 11, "codename": "change_bookinstance"}}, {"model": "auth.permission", "pk": 43, "fields": {"name": "Can delete book instance", "content_type": 11, "codename": "delete_bookinstance"}}, {"model": "auth.permission", "pk": 44, "fields": {"name": "Can view book instance", "content_type": 11, "codename": "view_bookinstance"}}, {"model": "auth.permission", "pk": 45, "fields": {"name": "Set book as returned", "content_type": 11, "codename": "can_mark_returned"}}, {"model": "auth.permission", "pk": 46, "fields": {"name": "Can add genre", "content_type": 12, "codename": "add_genre"}}, {"model": "auth.permission", "pk": 47, "fields": {"name": "Can change genre", "content_type": 12, "codename": "change_genre"}}, {"model": "auth.permission", "pk": 48, "fields": {"name": "Can delete genre", "content_type": 12, "codename": "delete_genre"}}, {"model": "auth.permission", "pk": 49, "fields": {"name": "Can view genre", "content_type": 12, "codename": "view_genre"}}, {"model": "auth.permission", "pk": 50, "fields": {"name": "Can add language", "content_type": 13, "codename": "add_language"}}, {"model": "auth.permission", "pk": 51, "fields": {"name": "Can change language", "content_type": 13, "codename": "change_language"}}, {"model": "auth.permission", "pk": 52, "fields": {"name": "Can delete language", "content_type": 13, "codename": "delete_language"}}, {"model": "auth.permission", "pk": 53, "fields": {"name": "Can view language", "content_type": 13, "codename": "view_language"}}, {"model": "auth.permission", "pk": 54, "fields": {"name": "Can add log entry", "content_type": 14, "codename": "add_logentry"}}, {"model": "auth.permission", "pk": 55, "fields": {"name": "Can change log entry", "content_type": 14, "codename": "change_logentry"}}, {"model": "auth.permission", "pk": 56, "fields": {"name": "Can delete log entry", "content_type": 14, "codename": "delete_logentry"}}, {"model": "auth.permission", "pk": 57, "fields": {"name": "Can view log entry", "content_type": 14, "codename": "view_logentry"}}, {"model": "auth.permission", "pk": 58, "fields": {"name": "Can add permission", "content_type": 15, "codename": "add_permission"}}, {"model": "auth.permission", "pk": 59, "fields": {"name": "Can change permission", "content_type": 15, "codename": "change_permission"}}, {"model": "auth.permission", "pk": 60, "fields": {"name": "Can delete permission", "content_type": 15, "codename": "delete_permission"}}, {"model": "auth.permission", "pk": 61, "fields": {"name": "Can view permission", "content_type": 15, "codename": "view_permission"}}, {"model": "auth.permission", "pk": 62, "fields": {"name": "Can add group", "content_type": 16, "codename": "add_group"}}, {"model": "auth.permission", "pk": 63, "fields": {"name": "Can change group", "content_type": 16, "codename": "change_group"}}, {"model": "auth.permission", "pk": 64, "fields": {"name": "Can delete group", "content_type": 16, "codename": "delete_group"}}, {"model": "auth.permission", "pk": 65, "fields": {"name": "Can view group", "content_type": 16, "codename": "view_group"}}, {"model": "auth.permission", "pk": 66, "fields": {"name": "Can add user", "content_type": 17, "codename": "add_user"}}, {"model": "auth.permission", "pk": 67, "fields": {"name": "Can change user", "content_type": 17, "codename": "change_user"}}, {"model": "auth.permission", "pk": 68, "fields": {"name": "Can delete user", "content_type": 17, "codename": "delete_user"}}, {"model": "auth.permission", "pk": 69, "fields": {"name": "Can view user", "content_type": 17, "codename": "view_user"}}, {"model": "auth.permission", "pk": 70, "fields": {"name": "Can add content type", "content_type": 18, "codename": "add_contenttype"}}, {"model": "auth.permission", "pk": 71, "fields": {"name": "Can change content type", "content_type": 18, "codename": "change_contenttype"}}, {"model": "auth.permission", "pk": 72, "fields": {"name": "Can delete content type", "content_type": 18, "codename": "delete_contenttype"}}, {"model": "auth.permission", "pk": 73, "fields": {"name": "Can view content type", "content_type": 18, "codename": "view_contenttype"}}, {"model": "auth.permission", "pk": 74, "fields": {"name": "Can add session", "content_type": 19, "codename": "add_session"}}, {"model": "auth.permission", "pk": 75, "fields": {"name": "Can change session", "content_type": 19, "codename": "change_session"}}, {"model": "auth.permission", "pk": 76, "fields": {"name": "Can delete session", "content_type": 19, "codename": "delete_session"}}, {"model": "auth.permission", "pk": 77, "fields": {"name": "Can view session", "content_type": 19, "codename": "view_session"}}, {"model": "auth.permission", "pk": 78, "fields": {"name": "Can add shift", "content_type": 20, "codename": "add_shift"}}, {"model": "auth.permission", "pk": 79, "fields": {"name": "Can change shift", "content_type": 20, "codename": "change_shift"}}, {"model": "auth.permission", "pk": 80, "fields": {"name": "Can delete shift", "content_type": 20, "codename": "delete_shift"}}, {"model": "auth.permission", "pk": 81, "fields": {"name": "Can view shift", "content_type": 20, "codename": "view_shift"}}, {"model": "auth.permission", "pk": 82, "fields": {"name": "Can add downtime instance", "content_type": 21, "codename": "add_downtimeinstance"}}, {"model": "auth.permission", "pk": 83, "fields": {"name": "Can change downtime instance", "content_type": 21, "codename": "change_downtimeinstance"}}, {"model": "auth.permission", "pk": 84, "fields": {"name": "Can delete downtime instance", "content_type": 21, "codename": "delete_downtimeinstance"}}, {"model": "auth.permission", "pk": 85, "fields": {"name": "Can view downtime instance", "content_type": 21, "codename": "view_downtimeinstance"}}, {"model": "auth.permission", "pk": 86, "fields": {"name": "Can add defect instance", "content_type": 22, "codename": "add_defectinstance"}}, {"model": "auth.permission", "pk": 87, "fields": {"name": "Can change defect instance", "content_type": 22, "codename": "change_defectinstance"}}, {"model": "auth.permission", "pk": 88, "fields": {"name": "Can delete defect instance", "content_type": 22, "codename": "delete_defectinstance"}}, {"model": "auth.permission", "pk": 89, "fields": {"name": "Can view defect instance", "content_type": 22, "codename": "view_defectinstance"}}, {"model": "auth.permission", "pk": 90, "fields": {"name": "Can add run", "content_type": 23, "codename": "add_run"}}, {"model": "auth.permission", "pk": 91, "fields": {"name": "Can change run", "content_type": 23, "codename": "change_run"}}, {"model": "auth.permission", "pk": 92, "fields": {"name": "Can delete run", "content_type": 23, "codename": "delete_run"}}, {"model": "auth.permission", "pk": 93, "fields": {"name": "Can view run", "content_type": 23, "codename": "view_run"}}, {"model": "auth.group", "pk": 1, "fields": {"name": "Han-Cho", "permissions": []}}, {"model": "auth.group", "pk": 2, "fields": {"name": "Shoku-Cho", "permissions": []}}, {"model": "auth.group", "pk": 3, "fields": {"name": "Floater", "permissions": []}}, {"model": "auth.user", "pk": 1, "fields": {"password": "pbkdf2_sha256$216000$gcQEJuofiA2C$0wkKiWnhyipssnuPUy0qxty136ppm4t8Zi55MGL9u9c=", "last_login": "2021-03-25T21:40:25.115Z", "is_superuser": true, "username": "root", "first_name": "root first", "last_name": "root last", "email": "root@root.com", "is_staff": true, "is_active": true, "date_joined": "2021-02-15T06:50:05Z", "groups": [], "user_permissions": []}}, {"model": "auth.user", "pk": 2, "fields": {"password": "pbkdf2_sha256$216000$R0AfiyV6pNE5$jv7qbG9rlUa/chY9cTbolCSOhze+sStS2LFaj9DLkE4=", "last_login": "2021-03-27T04:53:32.831Z", "is_superuser": true, "username": "aeil0520", "first_name": "Brian", "last_name": "Mason", "email": "bmason@ail.com", "is_staff": true, "is_active": true, "date_joined": "2021-02-15T23:26:55Z", "groups": [], "user_permissions": []}}, {"model": "auth.user", "pk": 3, "fields": {"password": "pbkdf2_sha256$216000$g7Do9BgAdYvf$e4BcOnznSAuexNvdaYJEL9Xad4t2h1AgWDMcEhwqAkU=", "last_login": "2021-02-23T10:57:13.016Z", "is_superuser": false, "username": "aeil1111", "first_name": "test1", "last_name": "lastname1", "email": "aisin@aisin.com", "is_staff": false, "is_active": true, "date_joined": "2021-02-23T10:57:12.570Z", "groups": [], "user_permissions": []}}, {"model": "auth.user", "pk": 4, "fields": {"password": "pbkdf2_sha256$216000$1h0QZXGCTlNV$SX7tAH+mEqjmmx5pd+//TS1vHSpyVgHJWlnrqg4RCRc=", "last_login": "2021-02-23T11:03:01.592Z", "is_superuser": false, "username": "aeil0999", "first_name": "joe", "last_name": "h", "email": "joeh@aisin.com", "is_staff": false, "is_active": true, "date_joined": "2021-02-23T11:03:01.170Z", "groups": [], "user_permissions": []}}, {"model": "auth.user", "pk": 5, "fields": {"password": "pbkdf2_sha256$216000$XR5mhfAPeCo5$7T/T3bGWHY8g8Dl2FLWfKTDfodw47UO948QjhimEbpI=", "last_login": "2021-03-25T21:42:04.487Z", "is_superuser": false, "username": "AEIL1234", "first_name": "Jeff", "last_name": "Test", "email": "jtest@aisin.com", "is_staff": true, "is_active": true, "date_joined": "2021-03-25T21:39:29Z", "groups": [], "user_permissions": []}}, {"model": "contenttypes.contenttype", "pk": 1, "fields": {"app_label": "productionactual", "model": "assemblyline"}}, {"model": "contenttypes.contenttype", "pk": 2, "fields": {"app_label": "productionactual", "model": "department"}}, {"model": "contenttypes.contenttype", "pk": 3, "fields": {"app_label": "productionactual", "model": "productionactual"}}, {"model": "contenttypes.contenttype", "pk": 4, "fields": {"app_label": "productionactual", "model": "product"}}, {"model": "contenttypes.contenttype", "pk": 5, "fields": {"app_label": "productionactual", "model": "machine"}}, {"model": "contenttypes.contenttype", "pk": 6, "fields": {"app_label": "productionactual", "model": "hourly"}}, {"model": "contenttypes.contenttype", "pk": 7, "fields": {"app_label": "productionactual", "model": "downtime"}}, {"model": "contenttypes.contenttype", "pk": 8, "fields": {"app_label": "productionactual", "model": "defect"}}, {"model": "contenttypes.contenttype", "pk": 9, "fields": {"app_label": "catalog", "model": "author"}}, {"model": "contenttypes.contenttype", "pk": 10, "fields": {"app_label": "catalog", "model": "book"}}, {"model": "contenttypes.contenttype", "pk": 11, "fields": {"app_label": "catalog", "model": "bookinstance"}}, {"model": "contenttypes.contenttype", "pk": 12, "fields": {"app_label": "catalog", "model": "genre"}}, {"model": "contenttypes.contenttype", "pk": 13, "fields": {"app_label": "catalog", "model": "language"}}, {"model": "contenttypes.contenttype", "pk": 14, "fields": {"app_label": "admin", "model": "logentry"}}, {"model": "contenttypes.contenttype", "pk": 15, "fields": {"app_label": "auth", "model": "permission"}}, {"model": "contenttypes.contenttype", "pk": 16, "fields": {"app_label": "auth", "model": "group"}}, {"model": "contenttypes.contenttype", "pk": 17, "fields": {"app_label": "auth", "model": "user"}}, {"model": "contenttypes.contenttype", "pk": 18, "fields": {"app_label": "contenttypes", "model": "contenttype"}}, {"model": "contenttypes.contenttype", "pk": 19, "fields": {"app_label": "sessions", "model": "session"}}, {"model": "contenttypes.contenttype", "pk": 20, "fields": {"app_label": "productionactual", "model": "shift"}}, {"model": "contenttypes.contenttype", "pk": 21, "fields": {"app_label": "productionactual", "model": "downtimeinstance"}}, {"model": "contenttypes.contenttype", "pk": 22, "fields": {"app_label": "productionactual", "model": "defectinstance"}}, {"model": "contenttypes.contenttype", "pk": 23, "fields": {"app_label": "productionactual", "model": "run"}}, {"model": "sessions.session", "pk": "aosasv52qgvaz2v0g0sr0ljli2ucsclv", "fields": {"session_data": ".eJxVjMsOwiAQRf-FtSEMMDxcuvcbCDAgVUOT0q6M_65NutDtPefcFwtxW1vYRlnCROzMJDv9binmR-k7oHvst5nnua_LlPiu8IMOfp2pPC-H-3fQ4mjf2oK1Ei1AEtIoSI6EB6dlBfRS64yqolRojM25lJo1mUi-ohM-ogPF3h-c2DaN:1lCLpP:ZhB-lRKjNoa3jV-mKn61nHmiJqz5GXVYhT2Jo3EY8U0", "expire_date": "2021-03-03T12:21:11.828Z"}}, {"model": "sessions.session", "pk": "fbp6d5a0ayzl7l07fdblpz152mwsenb5", "fields": {"session_data": ".eJxVjEEOwiAQRe_C2hBsaRlcuu8ZyDAzSNVAUtqV8e7apAvd_vfef6mA25rD1mQJM6uLOqvT7xaRHlJ2wHcst6qplnWZo94VfdCmp8ryvB7u30HGlr91tGJotGAHz9wlP1qmHtF6dB1J7JNzCZzhZECYHETxTMmDGUTAC6n3BwA9OR4:1lCJDp:fzdluZLfC17zJMwikFubjLFdESwhNYw2CImlTWZ9RJg", "expire_date": "2021-03-03T09:34:13.751Z"}}, {"model": "sessions.session", "pk": "mdmwz07hzkyx17ktpkgka8bvxd9xwnz3", "fields": {"session_data": ".eJxVjMsOwiAQRf-FtSEMMDxcuvcbCDAgVUOT0q6M_65NutDtPefcFwtxW1vYRlnCROzMJDv9binmR-k7oHvst5nnua_LlPiu8IMOfp2pPC-H-3fQ4mjf2oK1Ei1AEtIoSI6EB6dlBfRS64yqolRojM25lJo1mUi-ohM-ogPF3h-c2DaN:1lQ0x2:gLaTKsgrNskW0phh8Tr0N1Sj-TEf4qoXcErMs3QbG3o", "expire_date": "2021-04-10T04:53:32.838Z"}}, {"model": "sessions.session", "pk": "rq50wvgopj6x22i3ia979fyaoycbuygq", "fields": {"session_data": ".eJxVjEEOwiAQRe_C2hBsaRlcuu8ZyDAzSNVAUtqV8e7apAvd_vfef6mA25rD1mQJM6uLOqvT7xaRHlJ2wHcst6qplnWZo94VfdCmp8ryvB7u30HGlr91tGJotGAHz9wlP1qmHtF6dB1J7JNzCZzhZECYHETxTMmDGUTAC6n3BwA9OR4:1lBeDo:WbJtSvfVPV0pyKdaE1dlPD5PKben32Z7cFAzDAP5ikw", "expire_date": "2021-03-01T13:47:28.854Z"}}, {"model": "sessions.session", "pk": "wjfu1ktdkjrpca652injdms9ggh1fzyn", "fields": {"session_data": ".eJxVjDsOgzAQBe-ydWQ5YLBNmT5nsNa76-B8jIQhTZS7J0g0tG9m3gfK-grvXPNSYWhOEHBdxrBWmUNmGOAMhy0iPaRsgO9YbpOiqSxzjmpT1E6ruk4sz8vuHg5GrOO_jkY09caZzjM3yfeGqUU0Hm1DEttkbXJWc9JOmKyL4pmSd7oTcV4Ivj-kNT5L:1lEVZf:igXmY4ZHJs8hMEuy2-hhRusWAw0orE2qGtcN0P6whXM", "expire_date": "2021-03-09T11:09:51.008Z"}}, {"model": "sessions.session", "pk": "yt7gtaaopm0klihxc9os0g5e51biz52n", "fields": {"session_data": ".eJxVjEEOwiAQRe_C2hBsaRlcuu8ZyDAzSNVAUtqV8e7apAvd_vfef6mA25rD1mQJM6uLOqvT7xaRHlJ2wHcst6qplnWZo94VfdCmp8ryvB7u30HGlr91tGJotGAHz9wlP1qmHtF6dB1J7JNzCZzhZECYHETxTMmDGUTAC6n3BwA9OR4:1lBoUJ:EaaCyro7sIIpNhKtZqGry6A-R4WQ55RGbzWKxwSrxrs", "expire_date": "2021-03-02T00:45:11.810Z"}}]